,passenger_group,Last Name
0,0001,1
1,0002,1
2,0003,1
3,0004,1
4,0005,1
5,0006,1
6,0007,1
7,0008,1
8,0009,1
9,0010,1
10,0011,1
11,0012,1
12,0014,1
13,0015,1
14,0016,1
15,0017,1
16,0020,3
17,0022,0
18,0024,1
19,0025,1
20,0026,1
21,0028,1
22,0030,1
23,0031,1
24,0034,1
25,0035,1
26,0036,1
27,0038,1
28,0039,1
29,0041,1
30,0043,1
31,0044,1
32,0045,1
33,0050,1
34,0051,1
35,0052,1
36,0053,1
37,0056,1
38,0058,1
39,0061,1
40,0062,1
41,0064,1
42,0066,1
43,0067,1
44,0068,1
45,0069,0
46,0070,1
47,0071,1
48,0072,1
49,0073,1
50,0074,1
51,0076,1
52,0077,1
53,0078,1
54,0081,1
55,0082,1
56,0084,1
57,0085,1
58,0086,1
59,0088,1
60,0090,1
61,0091,1
62,0092,2
63,0097,1
64,0098,1
65,0099,2
66,0101,1
67,0102,1
68,0103,1
69,0105,1
70,0107,1
71,0108,1
72,0110,2
73,0111,1
74,0112,1
75,0113,1
76,0114,1
77,0115,1
78,0116,1
79,0119,1
80,0120,1
81,0122,1
82,0123,1
83,0126,1
84,0127,1
85,0128,1
86,0129,1
87,0133,1
88,0134,1
89,0136,0
90,0138,1
91,0139,1
92,0140,2
93,0141,1
94,0144,1
95,0146,1
96,0147,1
97,0148,1
98,0149,1
99,0151,1
100,0152,1
101,0160,1
102,0163,1
103,0164,1
104,0165,1
105,0167,1
106,0169,1
107,0170,1
108,0171,1
109,0172,1
110,0173,1
111,0174,1
112,0177,1
113,0178,1
114,0179,1
115,0181,1
116,0182,1
117,0183,1
118,0186,1
119,0188,1
120,0189,1
121,0190,0
122,0192,1
123,0193,1
124,0195,1
125,0196,1
126,0197,1
127,0198,1
128,0199,1
129,0200,1
130,0201,1
131,0202,1
132,0203,1
133,0205,1
134,0206,1
135,0207,1
136,0210,1
137,0211,2
138,0212,1
139,0213,1
140,0216,1
141,0217,1
142,0219,1
143,0220,1
144,0221,2
145,0222,2
146,0223,1
147,0224,1
148,0225,1
149,0229,1
150,0231,1
151,0232,1
152,0233,1
153,0234,1
154,0237,1
155,0239,1
156,0240,1
157,0241,1
158,0242,1
159,0243,1
160,0244,1
161,0245,1
162,0246,1
163,0248,1
164,0250,1
165,0251,1
166,0252,1
167,0253,1
168,0254,1
169,0255,1
170,0257,1
171,0258,1
172,0260,1
173,0261,1
174,0263,1
175,0265,1
176,0267,1
177,0269,1
178,0270,1
179,0275,1
180,0277,1
181,0278,1
182,0281,1
183,0282,1
184,0283,1
185,0285,1
186,0286,1
187,0287,1
188,0288,1
189,0289,1
190,0290,1
191,0291,1
192,0294,1
193,0297,1
194,0298,1
195,0301,1
196,0302,1
197,0303,1
198,0304,1
199,0305,1
200,0306,1
201,0307,1
202,0309,1
203,0310,1
204,0313,1
205,0314,1
206,0315,1
207,0316,1
208,0320,1
209,0321,1
210,0322,1
211,0324,1
212,0326,1
213,0327,1
214,0330,1
215,0331,1
216,0333,1
217,0334,1
218,0336,1
219,0337,1
220,0338,1
221,0340,1
222,0341,1
223,0343,1
224,0345,1
225,0346,1
226,0347,1
227,0348,1
228,0350,1
229,0352,1
230,0355,1
231,0356,1
232,0357,1
233,0358,1
234,0359,1
235,0360,1
236,0361,1
237,0365,1
238,0368,1
239,0369,1
240,0370,1
241,0371,1
242,0372,0
243,0373,1
244,0375,1
245,0376,1
246,0377,1
247,0378,1
248,0379,1
249,0380,1
250,0381,1
251,0382,1
252,0383,1
253,0384,1
254,0385,1
255,0387,1
256,0388,1
257,0389,1
258,0391,1
259,0392,1
260,0395,1
261,0396,1
262,0397,1
263,0398,1
264,0401,1
265,0402,1
266,0403,1
267,0405,1
268,0407,1
269,0408,1
270,0409,1
271,0410,1
272,0411,1
273,0412,1
274,0413,1
275,0415,1
276,0417,2
277,0423,1
278,0425,1
279,0427,1
280,0428,1
281,0429,1
282,0430,1
283,0431,1
284,0432,1
285,0433,1
286,0434,1
287,0435,1
288,0436,1
289,0437,1
290,0438,1
291,0439,1
292,0441,1
293,0442,1
294,0444,1
295,0445,1
296,0446,1
297,0447,1
298,0448,1
299,0449,1
300,0452,1
301,0453,1
302,0454,2
303,0456,1
304,0457,1
305,0458,1
306,0459,1
307,0460,1
308,0461,1
309,0462,1
310,0463,1
311,0465,1
312,0466,1
313,0468,1
314,0470,1
315,0471,1
316,0472,1
317,0474,1
318,0475,1
319,0476,1
320,0477,1
321,0480,1
322,0481,1
323,0482,1
324,0485,1
325,0487,1
326,0488,1
327,0490,1
328,0498,1
329,0499,1
330,0500,1
331,0501,1
332,0502,1
333,0503,1
334,0504,1
335,0506,1
336,0507,1
337,0510,1
338,0512,1
339,0513,1
340,0515,1
341,0516,1
342,0517,1
343,0518,1
344,0519,1
345,0520,1
346,0521,1
347,0522,1
348,0523,1
349,0525,1
350,0527,1
351,0528,1
352,0529,1
353,0531,1
354,0533,1
355,0534,1
356,0537,1
357,0538,1
358,0539,1
359,0540,1
360,0542,1
361,0545,1
362,0546,1
363,0547,1
364,0548,1
365,0549,1
366,0550,1
367,0551,1
368,0552,1
369,0553,1
370,0555,1
371,0556,1
372,0559,1
373,0560,2
374,0561,1
375,0563,1
376,0564,1
377,0565,1
378,0566,1
379,0567,1
380,0568,1
381,0569,1
382,0570,1
383,0571,2
384,0572,1
385,0573,1
386,0575,1
387,0576,1
388,0577,1
389,0579,1
390,0580,1
391,0581,1
392,0582,1
393,0583,1
394,0585,1
395,0586,1
396,0587,1
397,0588,1
398,0589,1
399,0590,1
400,0591,1
401,0593,1
402,0594,1
403,0596,1
404,0597,1
405,0598,1
406,0599,1
407,0600,1
408,0602,1
409,0603,1
410,0607,1
411,0608,1
412,0609,1
413,0610,1
414,0611,1
415,0612,1
416,0614,1
417,0615,2
418,0618,1
419,0619,1
420,0623,1
421,0628,1
422,0629,1
423,0630,1
424,0631,1
425,0633,1
426,0634,1
427,0635,1
428,0636,1
429,0637,1
430,0638,1
431,0639,1
432,0641,1
433,0642,1
434,0643,1
435,0644,1
436,0645,1
437,0646,1
438,0647,1
439,0650,1
440,0653,1
441,0655,1
442,0656,1
443,0657,1
444,0658,1
445,0659,1
446,0660,1
447,0661,1
448,0663,1
449,0664,1
450,0665,1
451,0668,1
452,0669,1
453,0671,1
454,0672,1
455,0674,1
456,0677,1
457,0678,1
458,0679,1
459,0680,2
460,0682,1
461,0683,1
462,0684,1
463,0685,1
464,0686,1
465,0687,1
466,0688,1
467,0689,1
468,0690,1
469,0691,1
470,0693,1
471,0696,1
472,0697,1
473,0699,2
474,0701,1
475,0702,1
476,0703,1
477,0704,1
478,0705,1
479,0707,1
480,0709,1
481,0710,1
482,0712,1
483,0713,1
484,0714,1
485,0715,1
486,0718,1
487,0719,1
488,0724,1
489,0726,1
490,0727,1
491,0728,1
492,0729,1
493,0732,1
494,0733,1
495,0734,1
496,0736,1
497,0737,1
498,0738,1
499,0740,1
500,0743,1
501,0746,1
502,0750,1
503,0753,1
504,0754,1
505,0756,2
506,0757,1
507,0761,1
508,0762,1
509,0764,1
510,0765,1
511,0767,1
512,0768,1
513,0769,1
514,0770,1
515,0771,1
516,0772,2
517,0773,1
518,0776,1
519,0777,1
520,0779,1
521,0781,1
522,0782,1
523,0784,1
524,0785,1
525,0786,1
526,0787,1
527,0788,0
528,0789,2
529,0790,1
530,0791,1
531,0793,1
532,0794,1
533,0795,1
534,0796,1
535,0797,1
536,0798,1
537,0799,1
538,0802,1
539,0805,1
540,0806,1
541,0808,1
542,0809,1
543,0811,2
544,0813,1
545,0815,1
546,0816,1
547,0817,1
548,0818,1
549,0819,1
550,0820,1
551,0822,1
552,0823,1
553,0824,1
554,0825,1
555,0826,1
556,0828,1
557,0829,1
558,0830,1
559,0833,1
560,0834,1
561,0835,1
562,0836,1
563,0839,1
564,0840,1
565,0845,1
566,0846,1
567,0848,1
568,0849,1
569,0850,1
570,0851,1
571,0853,1
572,0859,1
573,0860,0
574,0863,1
575,0865,1
576,0867,1
577,0868,1
578,0869,1
579,0870,1
580,0871,1
581,0873,1
582,0874,1
583,0875,0
584,0876,1
585,0877,1
586,0878,1
587,0879,1
588,0881,1
589,0883,1
590,0885,1
591,0889,1
592,0890,0
593,0893,1
594,0898,1
595,0899,1
596,0901,1
597,0902,1
598,0903,1
599,0904,1
600,0905,1
601,0906,1
602,0907,1
603,0910,1
604,0911,1
605,0912,1
606,0913,1
607,0915,1
608,0918,1
609,0919,1
610,0921,1
611,0922,1
612,0923,1
613,0924,1
614,0925,1
615,0926,1
616,0927,1
617,0928,1
618,0930,1
619,0931,1
620,0932,1
621,0933,1
622,0935,1
623,0938,1
624,0939,1
625,0940,1
626,0941,1
627,0942,1
628,0944,1
629,0946,1
630,0947,1
631,0949,1
632,0951,1
633,0952,1
634,0953,1
635,0955,1
636,0956,1
637,0957,1
638,0960,1
639,0961,1
640,0964,1
641,0965,1
642,0966,1
643,0968,1
644,0969,1
645,0970,1
646,0971,0
647,0972,1
648,0975,1
649,0976,1
650,0978,1
651,0979,1
652,0982,1
653,0983,1
654,0984,3
655,0985,1
656,0987,1
657,0988,1
658,0989,1
659,0990,1
660,0991,1
661,0992,2
662,0993,1
663,0994,1
664,0995,1
665,0997,1
666,0998,1
667,1000,1
668,1001,1
669,1002,1
670,1004,1
671,1005,1
672,1006,1
673,1008,1
674,1011,1
675,1012,1
676,1013,1
677,1014,1
678,1015,1
679,1017,1
680,1018,1
681,1019,1
682,1020,1
683,1022,1
684,1024,2
685,1025,1
686,1026,1
687,1027,1
688,1029,1
689,1030,1
690,1031,1
691,1032,1
692,1033,1
693,1034,1
694,1035,1
695,1036,1
696,1038,1
697,1040,1
698,1041,1
699,1043,1
700,1045,1
701,1046,1
702,1047,0
703,1048,1
704,1049,1
705,1051,1
706,1052,1
707,1053,1
708,1054,1
709,1056,1
710,1057,1
711,1058,1
712,1060,1
713,1062,1
714,1063,1
715,1065,1
716,1066,1
717,1068,1
718,1071,1
719,1075,1
720,1076,1
721,1077,1
722,1078,1
723,1079,1
724,1080,1
725,1082,1
726,1083,1
727,1084,1
728,1085,1
729,1086,2
730,1088,1
731,1089,1
732,1091,1
733,1093,1
734,1094,1
735,1095,1
736,1096,1
737,1097,1
738,1099,1
739,1100,2
740,1102,1
741,1105,1
742,1108,1
743,1110,1
744,1112,1
745,1113,1
746,1114,1
747,1115,1
748,1116,1
749,1117,1
750,1121,1
751,1123,1
752,1127,1
753,1129,1
754,1130,1
755,1132,1
756,1133,1
757,1134,1
758,1136,1
759,1140,1
760,1141,1
761,1142,1
762,1144,1
763,1146,1
764,1147,1
765,1148,1
766,1149,3
767,1150,1
768,1152,1
769,1153,1
770,1154,1
771,1155,1
772,1156,1
773,1161,1
774,1162,1
775,1163,0
776,1165,2
777,1166,1
778,1167,1
779,1168,1
780,1169,1
781,1170,1
782,1173,1
783,1174,1
784,1175,1
785,1177,1
786,1178,1
787,1179,1
788,1180,1
789,1182,1
790,1185,1
791,1186,1
792,1187,1
793,1188,1
794,1190,1
795,1191,1
796,1192,1
797,1193,1
798,1195,1
799,1197,1
800,1198,1
801,1199,1
802,1203,1
803,1206,1
804,1208,1
805,1210,1
806,1211,2
807,1212,1
808,1213,1
809,1214,1
810,1215,1
811,1216,1
812,1218,1
813,1220,1
814,1221,1
815,1222,1
816,1223,1
817,1225,1
818,1228,1
819,1229,1
820,1230,1
821,1231,1
822,1232,1
823,1233,1
824,1234,1
825,1235,1
826,1236,1
827,1238,1
828,1239,1
829,1240,1
830,1242,1
831,1243,2
832,1246,1
833,1248,1
834,1250,1
835,1254,1
836,1255,1
837,1256,1
838,1258,1
839,1259,1
840,1260,1
841,1261,1
842,1263,1
843,1264,1
844,1267,1
845,1269,1
846,1271,1
847,1273,1
848,1274,1
849,1278,1
850,1279,1
851,1280,1
852,1281,1
853,1282,1
854,1283,1
855,1284,1
856,1285,1
857,1286,1
858,1287,1
859,1288,1
860,1289,1
861,1291,1
862,1292,1
863,1293,1
864,1294,2
865,1295,1
866,1299,1
867,1300,1
868,1302,1
869,1304,3
870,1306,1
871,1307,1
872,1308,1
873,1309,1
874,1310,1
875,1311,1
876,1312,1
877,1316,1
878,1317,1
879,1322,1
880,1323,1
881,1324,1
882,1325,1
883,1326,1
884,1328,1
885,1330,2
886,1331,1
887,1332,1
888,1333,1
889,1335,1
890,1336,0
891,1337,1
892,1340,1
893,1342,1
894,1345,1
895,1347,1
896,1348,1
897,1350,1
898,1351,0
899,1352,1
900,1353,1
901,1355,1
902,1356,1
903,1357,1
904,1360,1
905,1362,0
906,1365,1
907,1366,1
908,1368,1
909,1370,1
910,1371,1
911,1375,1
912,1376,1
913,1377,1
914,1378,1
915,1379,1
916,1380,1
917,1381,1
918,1382,1
919,1383,1
920,1384,1
921,1385,1
922,1386,1
923,1387,1
924,1389,1
925,1390,1
926,1391,1
927,1393,1
928,1395,1
929,1397,1
930,1398,1
931,1399,1
932,1400,1
933,1401,1
934,1402,1
935,1403,1
936,1404,1
937,1406,1
938,1407,1
939,1408,1
940,1410,1
941,1412,1
942,1413,1
943,1414,1
944,1415,1
945,1416,1
946,1417,1
947,1419,1
948,1420,1
949,1421,1
950,1423,2
951,1424,1
952,1425,1
953,1426,1
954,1427,1
955,1428,1
956,1430,1
957,1431,1
958,1433,1
959,1434,1
960,1435,1
961,1438,1
962,1439,1
963,1440,1
964,1442,1
965,1443,1
966,1444,1
967,1445,1
968,1447,1
969,1450,1
970,1451,1
971,1452,1
972,1453,1
973,1454,1
974,1455,2
975,1457,1
976,1458,1
977,1460,1
978,1461,1
979,1462,1
980,1463,0
981,1465,1
982,1467,1
983,1474,1
984,1478,1
985,1479,1
986,1481,1
987,1484,1
988,1485,1
989,1488,1
990,1489,1
991,1490,1
992,1491,1
993,1493,1
994,1498,1
995,1499,1
996,1500,2
997,1501,1
998,1503,1
999,1506,1
1000,1507,1
1001,1509,1
1002,1510,1
1003,1511,2
1004,1515,1
1005,1520,1
1006,1521,1
1007,1523,1
1008,1524,1
1009,1525,1
1010,1526,1
1011,1527,1
1012,1528,1
1013,1529,1
1014,1531,1
1015,1532,1
1016,1533,1
1017,1536,1
1018,1539,1
1019,1540,1
1020,1541,1
1021,1542,1
1022,1543,1
1023,1544,1
1024,1545,1
1025,1547,1
1026,1548,2
1027,1550,1
1028,1551,1
1029,1552,1
1030,1555,1
1031,1558,1
1032,1560,1
1033,1561,1
1034,1562,1
1035,1564,1
1036,1565,1
1037,1567,1
1038,1568,1
1039,1569,1
1040,1572,2
1041,1573,1
1042,1576,1
1043,1577,1
1044,1578,1
1045,1579,1
1046,1580,1
1047,1581,1
1048,1584,1
1049,1585,1
1050,1588,1
1051,1590,1
1052,1592,1
1053,1593,1
1054,1594,1
1055,1595,1
1056,1596,1
1057,1597,1
1058,1599,1
1059,1601,1
1060,1602,1
1061,1603,1
1062,1604,1
1063,1606,1
1064,1608,1
1065,1611,1
1066,1612,1
1067,1613,1
1068,1614,1
1069,1615,2
1070,1617,1
1071,1619,1
1072,1621,1
1073,1622,1
1074,1624,1
1075,1625,1
1076,1626,1
1077,1628,1
1078,1630,1
1079,1631,1
1080,1632,1
1081,1633,1
1082,1634,1
1083,1635,1
1084,1636,1
1085,1637,1
1086,1638,1
1087,1640,1
1088,1644,1
1089,1645,1
1090,1646,1
1091,1647,1
1092,1649,1
1093,1650,1
1094,1651,2
1095,1653,1
1096,1655,1
1097,1656,1
1098,1657,1
1099,1658,1
1100,1659,1
1101,1660,1
1102,1661,2
1103,1662,1
1104,1663,1
1105,1666,1
1106,1668,1
1107,1669,2
1108,1670,1
1109,1671,1
1110,1672,1
1111,1673,1
1112,1674,0
1113,1676,1
1114,1677,1
1115,1681,1
1116,1682,1
1117,1685,1
1118,1687,1
1119,1688,1
1120,1690,1
1121,1691,1
1122,1694,1
1123,1695,1
1124,1696,1
1125,1697,1
1126,1698,1
1127,1699,1
1128,1700,1
1129,1704,2
1130,1705,1
1131,1708,1
1132,1709,1
1133,1710,1
1134,1711,0
1135,1712,1
1136,1713,1
1137,1714,1
1138,1715,1
1139,1717,2
1140,1718,1
1141,1719,1
1142,1721,1
1143,1723,1
1144,1724,1
1145,1725,1
1146,1727,1
1147,1728,1
1148,1729,1
1149,1730,1
1150,1731,1
1151,1733,1
1152,1734,1
1153,1736,1
1154,1738,1
1155,1739,1
1156,1740,1
1157,1742,1
1158,1745,0
1159,1746,1
1160,1747,1
1161,1748,1
1162,1749,1
1163,1752,1
1164,1753,1
1165,1755,1
1166,1757,1
1167,1758,1
1168,1760,1
1169,1761,1
1170,1762,1
1171,1763,1
1172,1764,1
1173,1766,1
1174,1767,2
1175,1768,1
1176,1769,1
1177,1770,1
1178,1771,1
1179,1772,1
1180,1774,1
1181,1775,1
1182,1776,1
1183,1778,1
1184,1779,1
1185,1781,1
1186,1782,1
1187,1783,1
1188,1785,1
1189,1786,1
1190,1792,1
1191,1796,1
1192,1797,1
1193,1798,1
1194,1799,1
1195,1800,2
1196,1802,1
1197,1803,1
1198,1804,1
1199,1805,1
1200,1806,1
1201,1807,1
1202,1808,1
1203,1810,1
1204,1811,1
1205,1812,1
1206,1813,1
1207,1816,2
1208,1817,1
1209,1818,1
1210,1821,1
1211,1822,1
1212,1823,1
1213,1826,1
1214,1827,1
1215,1828,1
1216,1829,3
1217,1831,1
1218,1833,1
1219,1834,0
1220,1836,1
1221,1841,1
1222,1843,1
1223,1844,1
1224,1846,1
1225,1847,1
1226,1848,1
1227,1849,1
1228,1850,1
1229,1853,1
1230,1854,1
1231,1855,1
1232,1856,1
1233,1857,1
1234,1859,1
1235,1860,1
1236,1861,1
1237,1863,1
1238,1864,1
1239,1865,2
1240,1866,1
1241,1868,1
1242,1871,1
1243,1872,1
1244,1873,1
1245,1874,1
1246,1877,1
1247,1878,1
1248,1879,1
1249,1880,1
1250,1881,1
1251,1882,1
1252,1884,1
1253,1886,1
1254,1887,1
1255,1888,1
1256,1889,1
1257,1890,1
1258,1891,0
1259,1892,2
1260,1897,1
1261,1898,1
1262,1899,1
1263,1901,1
1264,1902,1
1265,1903,1
1266,1905,1
1267,1906,1
1268,1907,1
1269,1908,1
1270,1911,1
1271,1915,1
1272,1916,1
1273,1918,1
1274,1920,1
1275,1922,1
1276,1923,1
1277,1925,1
1278,1926,1
1279,1927,1
1280,1928,1
1281,1931,1
1282,1933,1
1283,1935,1
1284,1937,1
1285,1938,1
1286,1939,1
1287,1940,1
1288,1941,1
1289,1942,1
1290,1945,1
1291,1946,1
1292,1947,1
1293,1950,1
1294,1952,0
1295,1953,1
1296,1956,1
1297,1957,1
1298,1959,1
1299,1960,1
1300,1961,1
1301,1962,2
1302,1963,1
1303,1964,1
1304,1967,1
1305,1968,1
1306,1969,1
1307,1971,1
1308,1973,1
1309,1974,1
1310,1975,1
1311,1976,2
1312,1977,1
1313,1978,0
1314,1979,1
1315,1980,2
1316,1981,1
1317,1983,1
1318,1984,1
1319,1985,1
1320,1988,1
1321,1991,1
1322,1992,1
1323,1993,1
1324,1994,1
1325,1995,1
1326,1996,1
1327,1997,1
1328,1999,1
1329,2000,1
1330,2001,1
1331,2003,1
1332,2006,1
1333,2007,1
1334,2009,1
1335,2010,1
1336,2011,1
1337,2012,1
1338,2013,1
1339,2015,1
1340,2019,1
1341,2022,1
1342,2024,1
1343,2026,2
1344,2027,1
1345,2028,1
1346,2029,1
1347,2032,1
1348,2034,1
1349,2038,1
1350,2040,1
1351,2041,1
1352,2042,1
1353,2043,1
1354,2044,1
1355,2045,1
1356,2046,1
1357,2051,0
1358,2052,1
1359,2053,1
1360,2054,1
1361,2055,2
1362,2056,1
1363,2059,1
1364,2060,1
1365,2061,1
1366,2062,0
1367,2063,1
1368,2065,1
1369,2066,1
1370,2067,1
1371,2070,1
1372,2071,1
1373,2073,1
1374,2074,1
1375,2075,1
1376,2080,1
1377,2081,1
1378,2082,1
1379,2083,1
1380,2084,1
1381,2085,1
1382,2086,1
1383,2087,1
1384,2088,1
1385,2089,1
1386,2090,1
1387,2091,1
1388,2092,2
1389,2094,1
1390,2095,1
1391,2096,2
1392,2097,1
1393,2099,1
1394,2100,1
1395,2102,1
1396,2104,1
1397,2105,1
1398,2106,1
1399,2107,1
1400,2110,1
1401,2111,1
1402,2112,1
1403,2114,1
1404,2115,1
1405,2116,1
1406,2117,1
1407,2118,1
1408,2120,1
1409,2121,1
1410,2123,1
1411,2124,1
1412,2125,1
1413,2126,1
1414,2127,1
1415,2128,1
1416,2129,1
1417,2130,1
1418,2131,1
1419,2133,1
1420,2134,1
1421,2135,1
1422,2136,1
1423,2137,2
1424,2138,1
1425,2139,1
1426,2140,1
1427,2141,1
1428,2142,1
1429,2143,1
1430,2144,1
1431,2145,1
1432,2147,1
1433,2148,1
1434,2149,1
1435,2150,1
1436,2152,1
1437,2153,1
1438,2154,1
1439,2156,1
1440,2158,1
1441,2159,1
1442,2161,1
1443,2162,1
1444,2163,1
1445,2164,1
1446,2167,1
1447,2168,1
1448,2171,1
1449,2172,1
1450,2173,1
1451,2175,1
1452,2177,1
1453,2179,1
1454,2180,1
1455,2182,1
1456,2183,1
1457,2186,1
1458,2187,1
1459,2188,1
1460,2189,1
1461,2190,1
1462,2191,1
1463,2193,1
1464,2194,1
1465,2195,1
1466,2196,1
1467,2198,1
1468,2200,1
1469,2201,1
1470,2202,1
1471,2203,1
1472,2204,1
1473,2205,1
1474,2206,1
1475,2207,1
1476,2209,0
1477,2210,1
1478,2211,1
1479,2212,1
1480,2215,2
1481,2219,1
1482,2220,1
1483,2221,1
1484,2223,1
1485,2224,1
1486,2225,1
1487,2228,1
1488,2229,1
1489,2231,1
1490,2232,1
1491,2233,1
1492,2234,3
1493,2235,1
1494,2237,1
1495,2238,1
1496,2239,1
1497,2241,1
1498,2243,1
1499,2251,1
1500,2252,1
1501,2253,1
1502,2254,1
1503,2255,1
1504,2256,1
1505,2257,1
1506,2258,1
1507,2261,1
1508,2262,1
1509,2263,1
1510,2264,1
1511,2266,1
1512,2267,1
1513,2268,1
1514,2269,1
1515,2270,1
1516,2272,2
1517,2273,1
1518,2274,2
1519,2275,1
1520,2277,1
1521,2278,1
1522,2279,1
1523,2280,1
1524,2281,1
1525,2282,1
1526,2284,1
1527,2287,1
1528,2288,1
1529,2289,1
1530,2291,1
1531,2295,1
1532,2296,1
1533,2298,1
1534,2299,1
1535,2300,1
1536,2301,1
1537,2302,1
1538,2303,1
1539,2305,0
1540,2306,2
1541,2308,1
1542,2309,1
1543,2310,2
1544,2311,1
1545,2312,1
1546,2313,1
1547,2314,1
1548,2315,1
1549,2316,1
1550,2317,1
1551,2318,1
1552,2319,1
1553,2320,1
1554,2321,1
1555,2325,1
1556,2327,1
1557,2329,1
1558,2332,1
1559,2333,1
1560,2336,1
1561,2338,1
1562,2339,1
1563,2340,1
1564,2341,1
1565,2345,1
1566,2347,1
1567,2348,1
1568,2349,1
1569,2353,1
1570,2356,1
1571,2357,1
1572,2360,1
1573,2361,1
1574,2363,1
1575,2364,1
1576,2365,1
1577,2366,1
1578,2367,1
1579,2368,1
1580,2369,1
1581,2373,1
1582,2374,1
1583,2375,1
1584,2376,1
1585,2377,1
1586,2379,1
1587,2382,0
1588,2384,2
1589,2385,1
1590,2387,1
1591,2389,1
1592,2390,1
1593,2391,1
1594,2392,1
1595,2395,1
1596,2396,1
1597,2397,1
1598,2398,1
1599,2399,1
1600,2401,1
1601,2402,1
1602,2403,1
1603,2404,2
1604,2406,1
1605,2409,1
1606,2410,1
1607,2411,1
1608,2412,1
1609,2413,1
1610,2414,1
1611,2416,1
1612,2417,1
1613,2419,1
1614,2421,1
1615,2423,1
1616,2424,1
1617,2426,1
1618,2427,1
1619,2429,1
1620,2431,1
1621,2432,1
1622,2433,1
1623,2435,1
1624,2436,1
1625,2438,1
1626,2439,1
1627,2441,1
1628,2442,1
1629,2443,0
1630,2444,1
1631,2445,1
1632,2446,1
1633,2449,1
1634,2451,1
1635,2452,1
1636,2453,1
1637,2454,1
1638,2455,1
1639,2456,1
1640,2457,1
1641,2458,1
1642,2460,1
1643,2461,1
1644,2462,1
1645,2463,1
1646,2466,1
1647,2467,1
1648,2470,1
1649,2471,1
1650,2472,1
1651,2474,1
1652,2475,1
1653,2476,1
1654,2477,1
1655,2478,1
1656,2479,1
1657,2480,1
1658,2483,1
1659,2486,1
1660,2488,1
1661,2489,1
1662,2491,1
1663,2492,1
1664,2496,1
1665,2497,1
1666,2498,1
1667,2499,1
1668,2500,1
1669,2502,1
1670,2503,1
1671,2505,1
1672,2506,1
1673,2508,1
1674,2509,1
1675,2510,1
1676,2512,1
1677,2513,1
1678,2515,1
1679,2516,1
1680,2518,1
1681,2519,1
1682,2520,1
1683,2521,1
1684,2522,1
1685,2523,1
1686,2524,1
1687,2526,1
1688,2527,1
1689,2528,1
1690,2530,1
1691,2531,1
1692,2532,1
1693,2534,1
1694,2535,1
1695,2537,1
1696,2540,1
1697,2541,1
1698,2542,1
1699,2544,1
1700,2545,1
1701,2546,1
1702,2547,1
1703,2548,1
1704,2549,1
1705,2550,1
1706,2551,1
1707,2552,1
1708,2553,1
1709,2555,1
1710,2557,1
1711,2558,1
1712,2559,1
1713,2560,1
1714,2561,1
1715,2562,1
1716,2564,1
1717,2565,1
1718,2571,1
1719,2572,1
1720,2573,1
1721,2574,1
1722,2578,1
1723,2580,1
1724,2581,1
1725,2582,1
1726,2584,1
1727,2588,1
1728,2589,1
1729,2590,1
1730,2591,1
1731,2592,1
1732,2593,1
1733,2594,1
1734,2595,2
1735,2596,2
1736,2597,1
1737,2598,1
1738,2599,1
1739,2601,1
1740,2602,2
1741,2605,1
1742,2606,1
1743,2607,2
1744,2609,1
1745,2616,1
1746,2617,1
1747,2618,1
1748,2619,1
1749,2622,1
1750,2624,1
1751,2625,1
1752,2626,1
1753,2627,1
1754,2628,1
1755,2629,1
1756,2631,1
1757,2633,1
1758,2634,1
1759,2635,1
1760,2636,1
1761,2638,1
1762,2640,1
1763,2641,1
1764,2642,1
1765,2643,1
1766,2645,2
1767,2646,1
1768,2647,1
1769,2648,1
1770,2649,1
1771,2650,1
1772,2651,1
1773,2652,1
1774,2655,1
1775,2657,1
1776,2658,1
1777,2659,1
1778,2660,1
1779,2661,1
1780,2662,1
1781,2663,1
1782,2664,1
1783,2666,1
1784,2668,1
1785,2670,1
1786,2671,1
1787,2672,1
1788,2675,1
1789,2676,1
1790,2677,1
1791,2678,1
1792,2679,1
1793,2682,1
1794,2683,1
1795,2684,1
1796,2685,1
1797,2687,1
1798,2688,1
1799,2690,1
1800,2691,1
1801,2692,1
1802,2693,2
1803,2695,1
1804,2697,1
1805,2698,1
1806,2700,1
1807,2701,1
1808,2702,1
1809,2703,1
1810,2704,1
1811,2706,1
1812,2707,1
1813,2708,1
1814,2709,2
1815,2712,1
1816,2713,1
1817,2714,1
1818,2717,1
1819,2718,1
1820,2720,1
1821,2721,1
1822,2722,1
1823,2723,1
1824,2724,1
1825,2725,1
1826,2726,1
1827,2727,1
1828,2729,1
1829,2730,1
1830,2732,1
1831,2734,1
1832,2736,1
1833,2737,2
1834,2738,1
1835,2739,1
1836,2740,1
1837,2741,1
1838,2743,1
1839,2745,1
1840,2746,1
1841,2747,1
1842,2748,1
1843,2750,1
1844,2751,1
1845,2752,1
1846,2753,1
1847,2754,1
1848,2755,1
1849,2756,1
1850,2758,1
1851,2759,1
1852,2760,1
1853,2762,1
1854,2763,1
1855,2764,1
1856,2765,1
1857,2768,1
1858,2769,1
1859,2770,1
1860,2772,1
1861,2773,1
1862,2774,2
1863,2778,1
1864,2780,1
1865,2781,1
1866,2783,1
1867,2784,1
1868,2785,1
1869,2786,1
1870,2787,1
1871,2788,1
1872,2789,1
1873,2790,1
1874,2792,1
1875,2793,1
1876,2795,1
1877,2796,0
1878,2797,1
1879,2798,1
1880,2799,1
1881,2801,1
1882,2802,1
1883,2805,1
1884,2806,1
1885,2807,2
1886,2809,1
1887,2810,1
1888,2811,1
1889,2812,1
1890,2813,1
1891,2814,1
1892,2817,1
1893,2818,1
1894,2819,1
1895,2820,1
1896,2821,1
1897,2822,1
1898,2823,1
1899,2824,1
1900,2825,1
1901,2826,1
1902,2831,2
1903,2832,0
1904,2834,1
1905,2835,1
1906,2837,1
1907,2838,1
1908,2839,1
1909,2840,1
1910,2843,1
1911,2846,1
1912,2847,1
1913,2852,1
1914,2853,1
1915,2854,1
1916,2856,1
1917,2857,1
1918,2858,1
1919,2859,1
1920,2860,1
1921,2861,1
1922,2862,1
1923,2863,1
1924,2865,1
1925,2866,1
1926,2867,1
1927,2869,1
1928,2870,1
1929,2871,1
1930,2872,1
1931,2873,1
1932,2875,1
1933,2876,1
1934,2877,1
1935,2878,1
1936,2880,1
1937,2881,1
1938,2882,1
1939,2883,1
1940,2884,1
1941,2887,1
1942,2888,1
1943,2890,1
1944,2891,1
1945,2892,2
1946,2893,1
1947,2894,1
1948,2897,1
1949,2899,1
1950,2900,1
1951,2901,1
1952,2902,1
1953,2905,1
1954,2906,1
1955,2907,1
1956,2908,1
1957,2909,1
1958,2910,1
1959,2912,1
1960,2913,1
1961,2919,1
1962,2920,1
1963,2925,1
1964,2926,1
1965,2927,1
1966,2928,2
1967,2929,1
1968,2930,1
1969,2934,1
1970,2935,0
1971,2936,1
1972,2938,1
1973,2940,1
1974,2941,1
1975,2942,1
1976,2943,1
1977,2944,1
1978,2945,1
1979,2948,1
1980,2949,1
1981,2950,1
1982,2953,1
1983,2954,1
1984,2956,1
1985,2958,1
1986,2959,0
1987,2960,1
1988,2961,1
1989,2962,1
1990,2964,1
1991,2965,1
1992,2966,1
1993,2968,1
1994,2969,1
1995,2970,1
1996,2971,1
1997,2972,1
1998,2975,1
1999,2979,1
2000,2982,1
2001,2983,1
2002,2984,1
2003,2986,1
2004,2988,1
2005,2990,1
2006,2992,1
2007,2993,1
2008,2994,1
2009,2995,1
2010,2996,0
2011,2998,1
2012,3000,1
2013,3001,1
2014,3003,1
2015,3004,1
2016,3005,1
2017,3006,1
2018,3009,1
2019,3010,1
2020,3012,1
2021,3013,1
2022,3014,1
2023,3015,1
2024,3018,1
2025,3019,1
2026,3020,1
2027,3021,1
2028,3022,1
2029,3023,1
2030,3024,1
2031,3025,1
2032,3026,1
2033,3027,1
2034,3029,1
2035,3030,1
2036,3032,1
2037,3033,1
2038,3034,1
2039,3036,1
2040,3038,1
2041,3039,1
2042,3040,1
2043,3042,1
2044,3044,1
2045,3045,1
2046,3047,1
2047,3048,1
2048,3050,1
2049,3053,1
2050,3054,1
2051,3055,1
2052,3060,1
2053,3061,2
2054,3062,1
2055,3063,1
2056,3064,1
2057,3065,1
2058,3066,1
2059,3067,1
2060,3068,1
2061,3070,1
2062,3071,1
2063,3073,1
2064,3076,1
2065,3079,1
2066,3080,1
2067,3081,1
2068,3082,1
2069,3083,1
2070,3084,1
2071,3085,1
2072,3087,1
2073,3088,1
2074,3090,1
2075,3091,1
2076,3092,1
2077,3093,1
2078,3095,1
2079,3096,1
2080,3099,1
2081,3100,1
2082,3102,1
2083,3103,1
2084,3104,1
2085,3110,1
2086,3111,1
2087,3112,1
2088,3113,1
2089,3114,1
2090,3116,1
2091,3117,0
2092,3118,1
2093,3119,1
2094,3120,1
2095,3121,1
2096,3123,1
2097,3124,1
2098,3126,1
2099,3128,1
2100,3130,1
2101,3131,2
2102,3132,1
2103,3133,1
2104,3134,1
2105,3136,1
2106,3138,1
2107,3140,1
2108,3142,1
2109,3143,1
2110,3145,1
2111,3147,1
2112,3149,1
2113,3152,1
2114,3158,1
2115,3159,1
2116,3161,1
2117,3162,2
2118,3163,1
2119,3164,1
2120,3166,1
2121,3168,1
2122,3169,1
2123,3171,1
2124,3172,1
2125,3174,1
2126,3175,1
2127,3176,1
2128,3179,1
2129,3180,1
2130,3181,1
2131,3182,1
2132,3184,1
2133,3185,1
2134,3188,1
2135,3189,1
2136,3191,1
2137,3192,1
2138,3193,1
2139,3195,1
2140,3196,1
2141,3197,1
2142,3200,1
2143,3201,1
2144,3203,1
2145,3204,1
2146,3205,1
2147,3206,1
2148,3209,1
2149,3210,2
2150,3211,1
2151,3212,1
2152,3213,1
2153,3215,1
2154,3216,1
2155,3217,1
2156,3218,1
2157,3219,1
2158,3220,1
2159,3221,1
2160,3223,1
2161,3224,1
2162,3225,1
2163,3227,1
2164,3229,1
2165,3230,1
2166,3232,1
2167,3235,1
2168,3236,1
2169,3237,1
2170,3238,1
2171,3239,1
2172,3240,1
2173,3241,1
2174,3243,1
2175,3247,1
2176,3248,1
2177,3252,1
2178,3253,1
2179,3254,1
2180,3255,1
2181,3256,1
2182,3258,1
2183,3259,1
2184,3260,1
2185,3262,1
2186,3268,1
2187,3269,1
2188,3270,1
2189,3271,1
2190,3272,1
2191,3273,1
2192,3274,1
2193,3275,1
2194,3276,1
2195,3279,1
2196,3280,1
2197,3282,1
2198,3283,3
2199,3284,1
2200,3287,1
2201,3289,1
2202,3292,3
2203,3293,1
2204,3294,1
2205,3295,1
2206,3296,1
2207,3297,1
2208,3298,1
2209,3299,1
2210,3300,1
2211,3301,1
2212,3304,1
2213,3305,1
2214,3308,1
2215,3309,1
2216,3310,1
2217,3311,1
2218,3312,1
2219,3313,1
2220,3314,1
2221,3315,0
2222,3317,1
2223,3318,1
2224,3319,1
2225,3322,1
2226,3323,1
2227,3324,1
2228,3325,1
2229,3326,1
2230,3327,1
2231,3328,1
2232,3329,1
2233,3330,1
2234,3331,0
2235,3332,2
2236,3336,1
2237,3337,2
2238,3338,1
2239,3339,1
2240,3342,1
2241,3343,1
2242,3348,1
2243,3349,1
2244,3350,1
2245,3352,1
2246,3353,2
2247,3357,1
2248,3359,1
2249,3360,1
2250,3361,2
2251,3363,2
2252,3364,1
2253,3365,1
2254,3370,1
2255,3371,1
2256,3372,1
2257,3377,1
2258,3380,1
2259,3381,1
2260,3382,1
2261,3383,1
2262,3384,2
2263,3386,1
2264,3387,1
2265,3389,1
2266,3390,1
2267,3391,1
2268,3392,1
2269,3394,1
2270,3395,1
2271,3396,1
2272,3397,1
2273,3401,1
2274,3402,1
2275,3403,1
2276,3404,1
2277,3405,1
2278,3406,1
2279,3408,1
2280,3409,1
2281,3410,1
2282,3412,1
2283,3413,1
2284,3415,1
2285,3417,1
2286,3418,1
2287,3419,1
2288,3420,1
2289,3421,1
2290,3422,1
2291,3423,1
2292,3424,1
2293,3425,1
2294,3426,1
2295,3428,1
2296,3430,1
2297,3431,1
2298,3432,1
2299,3433,1
2300,3434,1
2301,3437,1
2302,3438,1
2303,3439,1
2304,3440,1
2305,3441,1
2306,3442,1
2307,3443,1
2308,3444,1
2309,3445,1
2310,3446,1
2311,3447,1
2312,3449,1
2313,3450,1
2314,3453,1
2315,3454,1
2316,3455,1
2317,3456,1
2318,3458,1
2319,3459,1
2320,3461,1
2321,3462,1
2322,3464,1
2323,3465,1
2324,3467,1
2325,3468,1
2326,3469,1
2327,3470,1
2328,3473,1
2329,3474,1
2330,3475,1
2331,3476,2
2332,3478,1
2333,3480,1
2334,3483,1
2335,3484,1
2336,3485,2
2337,3486,1
2338,3487,1
2339,3488,1
2340,3489,1
2341,3490,1
2342,3491,1
2343,3492,1
2344,3495,1
2345,3496,1
2346,3497,1
2347,3499,2
2348,3501,1
2349,3504,1
2350,3506,1
2351,3511,1
2352,3512,1
2353,3514,1
2354,3515,1
2355,3518,1
2356,3519,1
2357,3520,1
2358,3521,1
2359,3523,1
2360,3525,1
2361,3527,1
2362,3528,1
2363,3530,1
2364,3531,1
2365,3533,1
2366,3534,1
2367,3535,1
2368,3536,1
2369,3537,1
2370,3539,1
2371,3540,1
2372,3542,1
2373,3543,1
2374,3546,1
2375,3547,1
2376,3548,1
2377,3550,2
2378,3552,1
2379,3553,1
2380,3555,1
2381,3556,1
2382,3558,1
2383,3559,1
2384,3560,1
2385,3561,2
2386,3562,1
2387,3563,1
2388,3564,1
2389,3565,1
2390,3566,1
2391,3567,1
2392,3568,1
2393,3569,1
2394,3570,1
2395,3572,1
2396,3573,1
2397,3576,1
2398,3577,1
2399,3578,1
2400,3579,1
2401,3582,1
2402,3584,1
2403,3586,1
2404,3588,1
2405,3591,1
2406,3592,2
2407,3594,1
2408,3595,1
2409,3596,1
2410,3597,1
2411,3598,1
2412,3600,1
2413,3602,1
2414,3605,1
2415,3606,1
2416,3607,1
2417,3608,1
2418,3609,1
2419,3610,1
2420,3612,1
2421,3613,1
2422,3614,1
2423,3615,1
2424,3616,1
2425,3619,1
2426,3620,1
2427,3622,1
2428,3624,1
2429,3625,1
2430,3626,1
2431,3628,1
2432,3629,1
2433,3630,1
2434,3631,1
2435,3634,1
2436,3636,1
2437,3639,1
2438,3640,1
2439,3641,2
2440,3642,1
2441,3644,1
2442,3645,1
2443,3647,1
2444,3648,1
2445,3650,1
2446,3652,1
2447,3653,1
2448,3654,1
2449,3655,1
2450,3658,1
2451,3660,1
2452,3662,1
2453,3664,1
2454,3665,1
2455,3667,1
2456,3668,1
2457,3671,1
2458,3674,1
2459,3677,1
2460,3678,1
2461,3679,1
2462,3680,1
2463,3681,1
2464,3682,1
2465,3686,1
2466,3688,1
2467,3690,1
2468,3691,1
2469,3692,1
2470,3693,1
2471,3699,1
2472,3700,1
2473,3702,1
2474,3703,1
2475,3704,1
2476,3705,1
2477,3706,1
2478,3707,1
2479,3708,1
2480,3710,1
2481,3711,1
2482,3713,1
2483,3714,1
2484,3715,1
2485,3716,1
2486,3719,1
2487,3724,1
2488,3726,1
2489,3728,1
2490,3729,0
2491,3732,1
2492,3733,1
2493,3734,1
2494,3735,1
2495,3736,1
2496,3737,1
2497,3739,1
2498,3741,1
2499,3742,1
2500,3743,1
2501,3744,1
2502,3745,1
2503,3747,3
2504,3748,1
2505,3749,1
2506,3750,1
2507,3751,1
2508,3752,1
2509,3753,0
2510,3754,1
2511,3755,1
2512,3756,1
2513,3757,1
2514,3758,1
2515,3759,1
2516,3760,1
2517,3761,1
2518,3765,1
2519,3767,1
2520,3768,1
2521,3769,1
2522,3770,1
2523,3771,1
2524,3772,1
2525,3773,1
2526,3774,1
2527,3775,2
2528,3776,1
2529,3777,1
2530,3778,1
2531,3779,1
2532,3781,1
2533,3783,1
2534,3784,1
2535,3785,1
2536,3786,1
2537,3787,1
2538,3788,1
2539,3789,1
2540,3790,1
2541,3793,1
2542,3795,1
2543,3796,1
2544,3797,1
2545,3798,1
2546,3801,1
2547,3803,1
2548,3804,1
2549,3805,1
2550,3807,1
2551,3810,1
2552,3811,1
2553,3812,1
2554,3814,1
2555,3815,1
2556,3816,1
2557,3817,1
2558,3818,1
2559,3820,1
2560,3821,1
2561,3822,1
2562,3823,1
2563,3824,1
2564,3826,1
2565,3830,1
2566,3831,1
2567,3832,1
2568,3835,1
2569,3836,0
2570,3838,1
2571,3839,1
2572,3841,1
2573,3842,1
2574,3846,1
2575,3847,1
2576,3848,1
2577,3849,1
2578,3850,2
2579,3851,1
2580,3852,1
2581,3853,1
2582,3854,1
2583,3856,1
2584,3857,1
2585,3862,3
2586,3864,1
2587,3866,1
2588,3867,1
2589,3868,1
2590,3870,1
2591,3871,1
2592,3872,1
2593,3873,1
2594,3874,1
2595,3875,1
2596,3879,1
2597,3883,1
2598,3886,1
2599,3888,0
2600,3890,1
2601,3894,1
2602,3895,1
2603,3896,1
2604,3897,1
2605,3898,1
2606,3899,1
2607,3903,3
2608,3904,1
2609,3907,1
2610,3909,1
2611,3911,2
2612,3912,1
2613,3913,1
2614,3915,1
2615,3916,1
2616,3917,1
2617,3919,1
2618,3921,1
2619,3922,1
2620,3923,1
2621,3924,1
2622,3926,1
2623,3927,1
2624,3928,1
2625,3930,1
2626,3931,1
2627,3932,1
2628,3933,1
2629,3935,1
2630,3936,1
2631,3937,1
2632,3938,1
2633,3939,1
2634,3940,1
2635,3941,1
2636,3942,1
2637,3944,1
2638,3945,1
2639,3946,1
2640,3948,1
2641,3949,1
2642,3950,1
2643,3952,1
2644,3954,1
2645,3955,1
2646,3958,1
2647,3959,1
2648,3960,1
2649,3961,1
2650,3962,1
2651,3963,1
2652,3964,1
2653,3966,1
2654,3967,1
2655,3968,1
2656,3970,1
2657,3971,1
2658,3973,1
2659,3974,1
2660,3976,1
2661,3977,1
2662,3980,1
2663,3981,1
2664,3984,1
2665,3985,1
2666,3986,1
2667,3987,1
2668,3988,1
2669,3991,1
2670,3992,1
2671,3994,1
2672,3995,1
2673,3996,1
2674,3997,1
2675,3998,1
2676,3999,1
2677,4000,1
2678,4001,2
2679,4002,1
2680,4003,0
2681,4005,3
2682,4006,1
2683,4008,1
2684,4009,1
2685,4010,1
2686,4013,1
2687,4014,1
2688,4016,1
2689,4017,2
2690,4018,1
2691,4019,1
2692,4020,0
2693,4021,1
2694,4022,1
2695,4023,1
2696,4026,1
2697,4027,1
2698,4030,2
2699,4031,1
2700,4032,1
2701,4033,1
2702,4034,1
2703,4035,1
2704,4036,1
2705,4037,1
2706,4038,1
2707,4039,1
2708,4040,1
2709,4042,1
2710,4043,1
2711,4044,1
2712,4045,1
2713,4046,1
2714,4047,1
2715,4049,1
2716,4050,1
2717,4053,1
2718,4055,1
2719,4058,1
2720,4060,1
2721,4061,1
2722,4063,1
2723,4064,1
2724,4065,1
2725,4066,1
2726,4068,1
2727,4069,1
2728,4071,1
2729,4072,1
2730,4075,1
2731,4076,1
2732,4078,1
2733,4079,1
2734,4080,1
2735,4081,1
2736,4082,1
2737,4083,1
2738,4084,1
2739,4089,1
2740,4090,1
2741,4091,1
2742,4093,1
2743,4095,1
2744,4096,1
2745,4097,1
2746,4098,1
2747,4099,1
2748,4101,1
2749,4102,1
2750,4103,1
2751,4104,1
2752,4106,1
2753,4107,1
2754,4108,1
2755,4109,1
2756,4110,1
2757,4112,1
2758,4113,1
2759,4114,1
2760,4115,1
2761,4116,1
2762,4120,1
2763,4125,1
2764,4127,1
2765,4128,1
2766,4129,1
2767,4130,1
2768,4131,1
2769,4132,1
2770,4134,1
2771,4135,1
2772,4137,1
2773,4140,1
2774,4141,1
2775,4142,1
2776,4143,1
2777,4144,1
2778,4145,1
2779,4147,1
2780,4149,1
2781,4150,1
2782,4151,1
2783,4152,1
2784,4154,1
2785,4156,1
2786,4158,1
2787,4159,1
2788,4160,0
2789,4163,1
2790,4165,1
2791,4166,1
2792,4167,1
2793,4168,1
2794,4169,1
2795,4170,1
2796,4171,1
2797,4172,2
2798,4173,1
2799,4174,1
2800,4175,1
2801,4176,2
2802,4177,2
2803,4178,1
2804,4179,1
2805,4181,1
2806,4182,1
2807,4183,1
2808,4184,1
2809,4185,1
2810,4186,1
2811,4188,1
2812,4189,1
2813,4191,1
2814,4194,1
2815,4196,1
2816,4197,1
2817,4199,1
2818,4203,1
2819,4204,1
2820,4205,1
2821,4206,1
2822,4207,1
2823,4208,1
2824,4210,1
2825,4211,1
2826,4212,1
2827,4213,1
2828,4214,1
2829,4215,1
2830,4216,1
2831,4218,1
2832,4219,1
2833,4220,1
2834,4221,1
2835,4222,1
2836,4223,1
2837,4225,1
2838,4229,0
2839,4230,1
2840,4231,1
2841,4232,1
2842,4233,1
2843,4237,1
2844,4238,1
2845,4239,1
2846,4240,1
2847,4242,1
2848,4243,1
2849,4244,1
2850,4245,1
2851,4246,1
2852,4249,1
2853,4251,1
2854,4252,1
2855,4253,1
2856,4254,1
2857,4255,1
2858,4256,2
2859,4257,1
2860,4258,1
2861,4259,1
2862,4260,1
2863,4261,1
2864,4262,1
2865,4264,1
2866,4266,1
2867,4267,1
2868,4270,1
2869,4271,1
2870,4272,1
2871,4273,1
2872,4274,1
2873,4278,1
2874,4280,1
2875,4289,1
2876,4291,1
2877,4292,1
2878,4293,1
2879,4294,1
2880,4295,1
2881,4296,1
2882,4297,1
2883,4300,1
2884,4301,1
2885,4302,1
2886,4303,2
2887,4305,2
2888,4306,1
2889,4309,1
2890,4311,1
2891,4312,1
2892,4315,1
2893,4316,1
2894,4317,1
2895,4318,1
2896,4319,1
2897,4320,1
2898,4324,2
2899,4327,1
2900,4329,1
2901,4330,1
2902,4332,1
2903,4333,1
2904,4334,1
2905,4335,1
2906,4336,1
2907,4337,1
2908,4338,2
2909,4339,1
2910,4340,1
2911,4343,0
2912,4344,1
2913,4345,1
2914,4346,1
2915,4347,1
2916,4348,1
2917,4349,1
2918,4350,2
2919,4351,1
2920,4352,1
2921,4354,1
2922,4356,1
2923,4357,1
2924,4358,1
2925,4359,1
2926,4360,1
2927,4361,1
2928,4362,1
2929,4364,1
2930,4365,1
2931,4366,1
2932,4367,1
2933,4368,1
2934,4369,1
2935,4370,1
2936,4371,2
2937,4372,2
2938,4373,1
2939,4376,1
2940,4382,1
2941,4383,1
2942,4386,1
2943,4387,1
2944,4388,0
2945,4390,1
2946,4391,1
2947,4392,1
2948,4393,1
2949,4395,1
2950,4396,1
2951,4397,1
2952,4399,1
2953,4400,1
2954,4401,1
2955,4402,1
2956,4403,1
2957,4404,1
2958,4405,1
2959,4407,1
2960,4408,1
2961,4409,1
2962,4410,1
2963,4411,1
2964,4413,1
2965,4415,1
2966,4416,1
2967,4422,1
2968,4424,1
2969,4426,1
2970,4427,1
2971,4428,1
2972,4429,1
2973,4430,1
2974,4431,1
2975,4432,1
2976,4433,1
2977,4436,1
2978,4437,1
2979,4438,1
2980,4440,1
2981,4441,1
2982,4444,1
2983,4445,1
2984,4446,1
2985,4447,1
2986,4448,1
2987,4449,1
2988,4450,1
2989,4451,1
2990,4452,1
2991,4453,1
2992,4456,1
2993,4457,1
2994,4459,1
2995,4461,1
2996,4462,1
2997,4463,1
2998,4464,1
2999,4465,1
3000,4466,1
3001,4467,1
3002,4469,2
3003,4470,1
3004,4472,1
3005,4473,1
3006,4474,2
3007,4475,1
3008,4476,1
3009,4477,1
3010,4479,1
3011,4482,2
3012,4483,1
3013,4485,1
3014,4486,1
3015,4487,1
3016,4490,1
3017,4491,1
3018,4492,1
3019,4493,1
3020,4494,1
3021,4496,1
3022,4497,1
3023,4498,3
3024,4500,1
3025,4501,1
3026,4502,1
3027,4505,1
3028,4506,1
3029,4508,1
3030,4509,1
3031,4510,1
3032,4511,1
3033,4512,1
3034,4514,1
3035,4515,1
3036,4516,1
3037,4517,1
3038,4518,1
3039,4521,1
3040,4522,1
3041,4524,1
3042,4529,1
3043,4530,1
3044,4531,1
3045,4532,1
3046,4533,1
3047,4534,1
3048,4535,1
3049,4537,1
3050,4538,1
3051,4539,1
3052,4542,2
3053,4543,1
3054,4544,1
3055,4546,1
3056,4547,1
3057,4549,1
3058,4550,1
3059,4552,1
3060,4553,1
3061,4555,1
3062,4557,1
3063,4558,1
3064,4559,1
3065,4560,1
3066,4561,1
3067,4562,1
3068,4563,1
3069,4564,1
3070,4565,1
3071,4567,1
3072,4568,1
3073,4569,1
3074,4570,0
3075,4571,1
3076,4572,1
3077,4573,1
3078,4574,1
3079,4575,1
3080,4576,1
3081,4577,1
3082,4580,1
3083,4581,1
3084,4585,1
3085,4586,1
3086,4587,1
3087,4591,1
3088,4592,1
3089,4593,1
3090,4594,2
3091,4595,1
3092,4596,1
3093,4597,1
3094,4602,1
3095,4603,1
3096,4604,1
3097,4605,1
3098,4606,1
3099,4607,1
3100,4608,1
3101,4609,1
3102,4610,1
3103,4611,1
3104,4612,1
3105,4613,1
3106,4615,1
3107,4617,1
3108,4620,1
3109,4621,1
3110,4622,1
3111,4623,1
3112,4624,1
3113,4625,1
3114,4628,1
3115,4630,1
3116,4631,1
3117,4632,2
3118,4633,1
3119,4634,1
3120,4635,1
3121,4637,1
3122,4638,1
3123,4640,1
3124,4641,1
3125,4642,1
3126,4643,1
3127,4644,1
3128,4645,1
3129,4646,1
3130,4648,1
3131,4649,1
3132,4650,1
3133,4651,1
3134,4652,1
3135,4653,1
3136,4654,1
3137,4655,1
3138,4656,1
3139,4657,1
3140,4658,1
3141,4659,1
3142,4661,3
3143,4662,2
3144,4663,2
3145,4664,1
3146,4665,1
3147,4667,1
3148,4668,1
3149,4672,1
3150,4673,1
3151,4676,1
3152,4677,1
3153,4678,1
3154,4679,1
3155,4680,1
3156,4684,1
3157,4686,1
3158,4689,1
3159,4690,1
3160,4691,1
3161,4693,1
3162,4694,1
3163,4695,1
3164,4696,1
3165,4699,1
3166,4704,1
3167,4706,1
3168,4708,0
3169,4709,1
3170,4710,1
3171,4711,1
3172,4712,1
3173,4713,1
3174,4714,1
3175,4717,1
3176,4719,1
3177,4720,1
3178,4721,1
3179,4723,1
3180,4725,1
3181,4726,2
3182,4728,1
3183,4730,1
3184,4732,1
3185,4733,1
3186,4738,1
3187,4739,1
3188,4741,1
3189,4743,1
3190,4744,1
3191,4746,1
3192,4748,1
3193,4750,1
3194,4752,1
3195,4753,1
3196,4754,1
3197,4755,0
3198,4756,1
3199,4757,1
3200,4758,1
3201,4759,1
3202,4762,1
3203,4763,1
3204,4764,1
3205,4769,1
3206,4770,1
3207,4772,1
3208,4773,1
3209,4774,2
3210,4775,1
3211,4777,1
3212,4778,1
3213,4780,1
3214,4782,2
3215,4783,1
3216,4784,1
3217,4785,0
3218,4786,1
3219,4787,1
3220,4788,1
3221,4790,1
3222,4791,1
3223,4792,1
3224,4793,1
3225,4794,1
3226,4795,1
3227,4796,1
3228,4797,1
3229,4798,1
3230,4801,1
3231,4803,1
3232,4804,2
3233,4807,1
3234,4808,1
3235,4810,1
3236,4813,1
3237,4814,1
3238,4815,1
3239,4817,1
3240,4818,1
3241,4819,1
3242,4822,1
3243,4823,1
3244,4827,1
3245,4828,0
3246,4829,1
3247,4830,1
3248,4831,1
3249,4832,1
3250,4836,1
3251,4837,1
3252,4838,1
3253,4840,0
3254,4841,1
3255,4842,1
3256,4845,1
3257,4846,1
3258,4847,1
3259,4848,1
3260,4850,1
3261,4851,1
3262,4853,1
3263,4856,1
3264,4857,1
3265,4862,1
3266,4863,1
3267,4864,0
3268,4866,1
3269,4868,1
3270,4870,1
3271,4871,1
3272,4873,1
3273,4874,1
3274,4875,1
3275,4876,1
3276,4878,1
3277,4879,1
3278,4880,1
3279,4881,1
3280,4882,1
3281,4883,1
3282,4884,1
3283,4885,1
3284,4886,1
3285,4887,1
3286,4888,1
3287,4889,1
3288,4890,1
3289,4891,2
3290,4892,1
3291,4893,1
3292,4895,1
3293,4896,1
3294,4897,1
3295,4898,1
3296,4899,1
3297,4900,1
3298,4901,1
3299,4902,1
3300,4903,1
3301,4904,1
3302,4909,1
3303,4910,1
3304,4911,1
3305,4912,1
3306,4913,1
3307,4915,1
3308,4916,1
3309,4917,1
3310,4918,1
3311,4920,1
3312,4923,1
3313,4924,1
3314,4925,1
3315,4927,1
3316,4929,1
3317,4930,1
3318,4932,1
3319,4933,3
3320,4934,1
3321,4937,1
3322,4938,1
3323,4939,1
3324,4940,1
3325,4941,1
3326,4942,1
3327,4943,1
3328,4944,1
3329,4945,1
3330,4946,1
3331,4950,1
3332,4951,1
3333,4952,1
3334,4954,1
3335,4956,1
3336,4958,1
3337,4961,1
3338,4963,1
3339,4964,1
3340,4965,1
3341,4970,1
3342,4972,1
3343,4973,1
3344,4974,1
3345,4975,1
3346,4977,1
3347,4978,1
3348,4979,1
3349,4980,1
3350,4981,2
3351,4983,1
3352,4987,1
3353,4989,1
3354,4990,1
3355,4991,1
3356,4992,1
3357,4995,1
3358,4996,1
3359,4997,1
3360,4998,1
3361,4999,1
3362,5000,1
3363,5003,1
3364,5004,1
3365,5005,1
3366,5006,1
3367,5007,1
3368,5008,1
3369,5009,0
3370,5010,1
3371,5012,1
3372,5013,1
3373,5014,1
3374,5015,1
3375,5016,1
3376,5017,1
3377,5018,1
3378,5019,1
3379,5020,1
3380,5021,1
3381,5023,1
3382,5025,1
3383,5027,1
3384,5028,1
3385,5032,1
3386,5034,1
3387,5035,1
3388,5036,1
3389,5039,1
3390,5040,1
3391,5042,1
3392,5044,1
3393,5048,1
3394,5050,1
3395,5051,1
3396,5052,1
3397,5057,1
3398,5058,1
3399,5059,1
3400,5060,1
3401,5061,1
3402,5062,1
3403,5063,1
3404,5064,1
3405,5065,1
3406,5067,1
3407,5068,1
3408,5069,1
3409,5070,1
3410,5072,1
3411,5073,1
3412,5074,1
3413,5076,1
3414,5080,1
3415,5083,1
3416,5084,1
3417,5085,1
3418,5087,1
3419,5088,1
3420,5089,1
3421,5090,1
3422,5091,0
3423,5093,1
3424,5095,1
3425,5097,1
3426,5103,1
3427,5104,1
3428,5105,1
3429,5106,1
3430,5108,1
3431,5109,1
3432,5111,1
3433,5112,3
3434,5115,1
3435,5116,1
3436,5120,1
3437,5122,1
3438,5124,1
3439,5125,1
3440,5126,1
3441,5127,1
3442,5128,1
3443,5129,1
3444,5130,1
3445,5132,1
3446,5133,3
3447,5136,1
3448,5137,1
3449,5138,1
3450,5140,1
3451,5142,2
3452,5144,0
3453,5145,1
3454,5146,1
3455,5148,2
3456,5151,1
3457,5152,1
3458,5154,1
3459,5156,1
3460,5157,1
3461,5158,1
3462,5160,1
3463,5161,1
3464,5162,1
3465,5163,2
3466,5165,1
3467,5166,1
3468,5167,1
3469,5170,1
3470,5171,1
3471,5173,1
3472,5174,1
3473,5175,1
3474,5176,1
3475,5177,1
3476,5179,1
3477,5180,1
3478,5181,1
3479,5182,1
3480,5184,1
3481,5185,1
3482,5186,1
3483,5187,1
3484,5188,2
3485,5190,1
3486,5192,1
3487,5193,1
3488,5194,1
3489,5196,1
3490,5197,1
3491,5198,1
3492,5199,1
3493,5201,1
3494,5202,1
3495,5204,1
3496,5205,1
3497,5206,1
3498,5207,1
3499,5208,1
3500,5209,1
3501,5210,0
3502,5211,1
3503,5213,1
3504,5214,1
3505,5216,1
3506,5217,2
3507,5218,1
3508,5220,1
3509,5221,1
3510,5223,2
3511,5224,1
3512,5225,1
3513,5226,1
3514,5227,1
3515,5229,1
3516,5230,1
3517,5234,1
3518,5235,1
3519,5236,1
3520,5238,1
3521,5239,1
3522,5240,1
3523,5242,1
3524,5243,2
3525,5244,1
3526,5246,1
3527,5247,1
3528,5248,1
3529,5249,1
3530,5250,1
3531,5251,1
3532,5252,1
3533,5253,1
3534,5254,2
3535,5255,1
3536,5256,1
3537,5257,1
3538,5258,1
3539,5260,1
3540,5262,1
3541,5264,1
3542,5265,1
3543,5266,1
3544,5268,1
3545,5269,1
3546,5271,1
3547,5272,1
3548,5273,1
3549,5274,1
3550,5275,1
3551,5276,1
3552,5277,1
3553,5278,1
3554,5279,1
3555,5280,1
3556,5281,1
3557,5282,1
3558,5287,1
3559,5288,1
3560,5290,1
3561,5291,1
3562,5292,1
3563,5297,1
3564,5298,1
3565,5299,1
3566,5300,1
3567,5301,1
3568,5303,2
3569,5304,1
3570,5305,1
3571,5307,1
3572,5310,1
3573,5312,1
3574,5313,1
3575,5314,1
3576,5315,1
3577,5316,1
3578,5320,2
3579,5322,1
3580,5323,1
3581,5325,1
3582,5326,1
3583,5327,1
3584,5330,1
3585,5331,1
3586,5333,1
3587,5334,1
3588,5337,1
3589,5340,1
3590,5341,1
3591,5343,1
3592,5344,1
3593,5345,1
3594,5346,1
3595,5347,1
3596,5348,1
3597,5350,1
3598,5351,1
3599,5353,1
3600,5354,2
3601,5355,1
3602,5356,1
3603,5359,1
3604,5360,1
3605,5361,1
3606,5362,1
3607,5363,1
3608,5365,1
3609,5366,1
3610,5367,1
3611,5368,0
3612,5372,1
3613,5374,1
3614,5375,1
3615,5378,1
3616,5379,1
3617,5380,1
3618,5383,1
3619,5384,1
3620,5385,1
3621,5387,1
3622,5388,1
3623,5389,1
3624,5390,1
3625,5392,1
3626,5394,1
3627,5395,1
3628,5396,1
3629,5397,1
3630,5401,1
3631,5402,1
3632,5404,1
3633,5406,1
3634,5408,1
3635,5410,1
3636,5411,1
3637,5412,1
3638,5413,1
3639,5414,1
3640,5415,1
3641,5416,1
3642,5418,1
3643,5420,1
3644,5421,1
3645,5422,1
3646,5423,1
3647,5424,1
3648,5425,0
3649,5427,2
3650,5430,1
3651,5431,1
3652,5434,1
3653,5435,1
3654,5436,1
3655,5437,1
3656,5438,1
3657,5440,1
3658,5441,1
3659,5443,1
3660,5445,1
3661,5446,1
3662,5447,2
3663,5450,1
3664,5451,1
3665,5452,1
3666,5453,1
3667,5454,1
3668,5455,1
3669,5457,1
3670,5458,1
3671,5459,1
3672,5462,1
3673,5463,1
3674,5465,1
3675,5466,2
3676,5467,1
3677,5468,1
3678,5469,1
3679,5470,1
3680,5471,1
3681,5472,1
3682,5474,1
3683,5475,1
3684,5476,1
3685,5477,1
3686,5478,1
3687,5479,1
3688,5480,1
3689,5483,1
3690,5484,1
3691,5485,1
3692,5487,1
3693,5488,1
3694,5489,1
3695,5490,1
3696,5491,1
3697,5492,1
3698,5494,1
3699,5496,1
3700,5497,1
3701,5499,1
3702,5500,1
3703,5501,1
3704,5504,1
3705,5506,1
3706,5507,1
3707,5508,1
3708,5509,1
3709,5510,1
3710,5511,1
3711,5512,1
3712,5514,1
3713,5515,1
3714,5517,1
3715,5520,1
3716,5521,1
3717,5522,1
3718,5523,1
3719,5524,1
3720,5526,1
3721,5527,1
3722,5528,1
3723,5529,1
3724,5530,1
3725,5531,1
3726,5535,1
3727,5536,1
3728,5537,1
3729,5538,1
3730,5539,1
3731,5540,1
3732,5541,1
3733,5543,1
3734,5544,1
3735,5545,1
3736,5546,1
3737,5550,1
3738,5551,1
3739,5552,1
3740,5555,1
3741,5556,1
3742,5557,1
3743,5559,0
3744,5560,1
3745,5561,1
3746,5563,1
3747,5566,1
3748,5568,1
3749,5569,1
3750,5571,1
3751,5572,1
3752,5573,1
3753,5574,1
3754,5575,1
3755,5578,1
3756,5580,1
3757,5581,1
3758,5582,1
3759,5583,1
3760,5585,1
3761,5586,1
3762,5587,1
3763,5589,1
3764,5591,1
3765,5592,1
3766,5594,1
3767,5595,1
3768,5596,1
3769,5598,1
3770,5599,1
3771,5601,1
3772,5602,1
3773,5603,1
3774,5606,2
3775,5608,1
3776,5609,1
3777,5610,1
3778,5611,1
3779,5613,1
3780,5614,1
3781,5615,1
3782,5616,1
3783,5618,1
3784,5619,1
3785,5622,1
3786,5623,1
3787,5625,2
3788,5626,1
3789,5627,1
3790,5628,1
3791,5629,1
3792,5631,1
3793,5637,1
3794,5639,1
3795,5640,1
3796,5642,1
3797,5643,1
3798,5644,1
3799,5645,1
3800,5646,0
3801,5647,2
3802,5648,1
3803,5650,1
3804,5651,1
3805,5652,1
3806,5653,1
3807,5655,1
3808,5659,1
3809,5661,1
3810,5662,1
3811,5663,1
3812,5667,1
3813,5671,1
3814,5673,1
3815,5674,1
3816,5677,1
3817,5679,1
3818,5680,1
3819,5681,1
3820,5684,2
3821,5685,1
3822,5686,1
3823,5687,1
3824,5688,1
3825,5689,1
3826,5692,1
3827,5693,1
3828,5695,1
3829,5696,1
3830,5698,1
3831,5700,1
3832,5701,1
3833,5702,1
3834,5704,1
3835,5705,1
3836,5706,2
3837,5707,1
3838,5709,1
3839,5710,1
3840,5711,1
3841,5712,1
3842,5713,1
3843,5714,2
3844,5716,1
3845,5717,1
3846,5718,1
3847,5719,1
3848,5721,1
3849,5722,1
3850,5723,1
3851,5724,1
3852,5725,1
3853,5726,1
3854,5727,1
3855,5728,1
3856,5729,1
3857,5730,1
3858,5732,1
3859,5733,2
3860,5735,1
3861,5736,1
3862,5737,1
3863,5738,1
3864,5739,1
3865,5740,2
3866,5742,1
3867,5744,1
3868,5746,1
3869,5747,1
3870,5748,1
3871,5750,1
3872,5751,0
3873,5755,1
3874,5756,3
3875,5757,1
3876,5758,1
3877,5761,1
3878,5763,1
3879,5764,1
3880,5765,1
3881,5767,1
3882,5768,1
3883,5769,1
3884,5771,1
3885,5772,1
3886,5773,1
3887,5776,1
3888,5777,1
3889,5778,1
3890,5779,1
3891,5780,1
3892,5781,1
3893,5783,1
3894,5785,1
3895,5786,1
3896,5788,1
3897,5790,1
3898,5791,1
3899,5792,1
3900,5793,1
3901,5794,1
3902,5795,1
3903,5796,1
3904,5799,1
3905,5800,1
3906,5802,1
3907,5804,1
3908,5806,1
3909,5808,1
3910,5809,1
3911,5810,1
3912,5811,1
3913,5812,1
3914,5813,1
3915,5814,1
3916,5816,1
3917,5817,1
3918,5818,1
3919,5819,1
3920,5820,1
3921,5821,1
3922,5822,1
3923,5823,1
3924,5824,1
3925,5825,1
3926,5826,1
3927,5827,1
3928,5828,1
3929,5829,1
3930,5831,1
3931,5834,1
3932,5835,1
3933,5836,1
3934,5837,1
3935,5839,1
3936,5840,1
3937,5842,2
3938,5843,1
3939,5844,1
3940,5846,1
3941,5847,1
3942,5848,1
3943,5849,1
3944,5852,1
3945,5854,1
3946,5855,1
3947,5856,1
3948,5857,1
3949,5858,1
3950,5859,1
3951,5860,1
3952,5861,1
3953,5863,1
3954,5867,1
3955,5868,1
3956,5869,1
3957,5871,1
3958,5874,1
3959,5875,1
3960,5876,1
3961,5877,1
3962,5878,1
3963,5879,1
3964,5880,1
3965,5882,1
3966,5885,1
3967,5886,1
3968,5887,1
3969,5888,1
3970,5889,1
3971,5890,1
3972,5891,1
3973,5894,1
3974,5897,0
3975,5898,1
3976,5900,1
3977,5901,1
3978,5902,1
3979,5903,1
3980,5905,1
3981,5906,1
3982,5907,1
3983,5908,1
3984,5909,1
3985,5912,1
3986,5913,1
3987,5915,1
3988,5916,1
3989,5919,1
3990,5920,1
3991,5921,1
3992,5922,1
3993,5923,1
3994,5924,1
3995,5925,1
3996,5927,2
3997,5928,1
3998,5930,1
3999,5931,1
4000,5933,1
4001,5934,1
4002,5938,1
4003,5939,1
4004,5941,0
4005,5944,1
4006,5945,2
4007,5946,1
4008,5947,1
4009,5949,1
4010,5950,1
4011,5951,1
4012,5952,1
4013,5953,1
4014,5954,1
4015,5955,1
4016,5956,1
4017,5957,1
4018,5959,1
4019,5960,1
4020,5963,1
4021,5965,1
4022,5967,1
4023,5968,1
4024,5969,1
4025,5970,0
4026,5971,1
4027,5972,1
4028,5973,0
4029,5974,1
4030,5975,1
4031,5976,1
4032,5977,2
4033,5980,1
4034,5981,1
4035,5983,1
4036,5984,1
4037,5985,1
4038,5986,1
4039,5987,1
4040,5988,1
4041,5989,1
4042,5990,1
4043,5991,1
4044,5992,1
4045,5993,1
4046,5994,1
4047,5995,1
4048,5998,1
4049,5999,1
4050,6000,1
4051,6001,1
4052,6003,1
4053,6004,1
4054,6006,1
4055,6007,1
4056,6008,1
4057,6010,1
4058,6011,1
4059,6014,1
4060,6015,1
4061,6016,1
4062,6017,1
4063,6019,1
4064,6020,1
4065,6022,0
4066,6024,1
4067,6025,1
4068,6026,1
4069,6027,1
4070,6028,1
4071,6029,1
4072,6030,2
4073,6031,1
4074,6032,3
4075,6033,1
4076,6034,1
4077,6035,1
4078,6036,1
4079,6038,1
4080,6039,1
4081,6040,1
4082,6041,1
4083,6042,1
4084,6043,1
4085,6045,1
4086,6047,1
4087,6048,1
4088,6049,0
4089,6052,1
4090,6054,1
4091,6055,1
4092,6058,1
4093,6059,1
4094,6061,1
4095,6062,1
4096,6064,1
4097,6065,1
4098,6066,1
4099,6067,1
4100,6068,1
4101,6069,1
4102,6070,1
4103,6071,1
4104,6073,1
4105,6075,1
4106,6076,1
4107,6077,1
4108,6080,1
4109,6082,1
4110,6085,1
4111,6086,1
4112,6087,1
4113,6090,1
4114,6091,1
4115,6092,1
4116,6094,1
4117,6095,1
4118,6096,1
4119,6098,1
4120,6099,1
4121,6101,1
4122,6102,1
4123,6103,1
4124,6105,1
4125,6106,1
4126,6107,1
4127,6108,0
4128,6109,1
4129,6110,1
4130,6111,1
4131,6112,1
4132,6115,1
4133,6116,1
4134,6117,1
4135,6118,1
4136,6120,1
4137,6121,1
4138,6122,1
4139,6123,1
4140,6124,1
4141,6126,1
4142,6127,1
4143,6128,1
4144,6130,1
4145,6132,1
4146,6133,1
4147,6135,1
4148,6136,1
4149,6137,2
4150,6138,1
4151,6139,2
4152,6141,1
4153,6143,1
4154,6145,1
4155,6146,1
4156,6148,1
4157,6149,1
4158,6150,1
4159,6152,1
4160,6153,1
4161,6155,1
4162,6156,1
4163,6157,1
4164,6158,1
4165,6162,1
4166,6163,1
4167,6166,1
4168,6167,1
4169,6168,1
4170,6169,1
4171,6170,1
4172,6171,1
4173,6172,1
4174,6173,0
4175,6174,2
4176,6175,2
4177,6176,1
4178,6178,1
4179,6179,1
4180,6180,1
4181,6181,1
4182,6182,1
4183,6184,1
4184,6186,1
4185,6189,1
4186,6191,1
4187,6192,1
4188,6194,0
4189,6199,1
4190,6200,1
4191,6201,1
4192,6205,1
4193,6206,1
4194,6207,1
4195,6208,1
4196,6211,1
4197,6213,1
4198,6215,1
4199,6216,1
4200,6218,1
4201,6219,1
4202,6220,1
4203,6222,1
4204,6223,1
4205,6224,1
4206,6225,1
4207,6227,1
4208,6228,1
4209,6229,1
4210,6230,1
4211,6232,1
4212,6234,1
4213,6236,1
4214,6237,1
4215,6238,1
4216,6239,1
4217,6241,1
4218,6243,1
4219,6245,1
4220,6246,1
4221,6248,1
4222,6249,1
4223,6250,1
4224,6251,1
4225,6252,1
4226,6253,1
4227,6254,1
4228,6256,1
4229,6262,1
4230,6263,1
4231,6264,1
4232,6265,1
4233,6266,1
4234,6268,1
4235,6270,1
4236,6271,1
4237,6273,1
4238,6274,1
4239,6276,1
4240,6277,1
4241,6279,1
4242,6280,1
4243,6281,1
4244,6282,1
4245,6283,1
4246,6285,1
4247,6289,1
4248,6290,1
4249,6292,1
4250,6293,1
4251,6296,1
4252,6297,1
4253,6299,1
4254,6300,1
4255,6301,1
4256,6302,4
4257,6304,1
4258,6305,1
4259,6308,1
4260,6309,2
4261,6313,1
4262,6315,1
4263,6316,1
4264,6317,1
4265,6318,1
4266,6319,1
4267,6320,1
4268,6321,1
4269,6322,1
4270,6323,2
4271,6324,1
4272,6325,2
4273,6326,1
4274,6327,1
4275,6328,1
4276,6330,1
4277,6331,1
4278,6334,2
4279,6335,1
4280,6338,1
4281,6339,1
4282,6340,1
4283,6341,1
4284,6343,1
4285,6344,1
4286,6346,1
4287,6347,1
4288,6348,1
4289,6349,1
4290,6351,1
4291,6353,0
4292,6354,1
4293,6355,1
4294,6356,1
4295,6357,1
4296,6360,1
4297,6361,1
4298,6363,1
4299,6365,1
4300,6366,1
4301,6367,1
4302,6368,1
4303,6369,1
4304,6370,1
4305,6371,1
4306,6372,2
4307,6373,1
4308,6374,1
4309,6376,1
4310,6378,1
4311,6380,1
4312,6381,1
4313,6385,1
4314,6388,1
4315,6390,1
4316,6394,2
4317,6396,1
4318,6397,1
4319,6398,1
4320,6399,1
4321,6400,1
4322,6402,2
4323,6404,1
4324,6405,1
4325,6406,1
4326,6407,0
4327,6408,1
4328,6409,1
4329,6411,1
4330,6412,1
4331,6413,1
4332,6414,1
4333,6415,1
4334,6416,1
4335,6418,1
4336,6419,1
4337,6421,1
4338,6422,2
4339,6424,1
4340,6428,1
4341,6430,1
4342,6431,1
4343,6432,1
4344,6433,1
4345,6434,0
4346,6436,1
4347,6437,1
4348,6439,1
4349,6442,1
4350,6443,3
4351,6444,1
4352,6446,1
4353,6447,0
4354,6448,1
4355,6449,1
4356,6450,1
4357,6451,1
4358,6452,1
4359,6453,1
4360,6454,1
4361,6455,1
4362,6456,1
4363,6457,1
4364,6458,1
4365,6459,1
4366,6461,1
4367,6462,1
4368,6463,1
4369,6464,1
4370,6468,1
4371,6470,1
4372,6471,1
4373,6472,1
4374,6473,1
4375,6475,1
4376,6477,1
4377,6478,1
4378,6480,1
4379,6481,1
4380,6482,1
4381,6485,1
4382,6487,1
4383,6488,1
4384,6489,1
4385,6490,2
4386,6492,1
4387,6493,1
4388,6494,1
4389,6500,1
4390,6501,1
4391,6502,1
4392,6503,1
4393,6508,1
4394,6509,1
4395,6510,1
4396,6511,1
4397,6512,3
4398,6513,1
4399,6514,2
4400,6517,1
4401,6520,1
4402,6522,1
4403,6523,1
4404,6525,1
4405,6526,1
4406,6529,1
4407,6530,1
4408,6531,1
4409,6535,1
4410,6539,1
4411,6540,1
4412,6541,1
4413,6544,1
4414,6545,1
4415,6546,1
4416,6547,1
4417,6548,1
4418,6549,1
4419,6552,1
4420,6553,1
4421,6556,1
4422,6557,1
4423,6558,1
4424,6560,1
4425,6561,1
4426,6562,1
4427,6563,1
4428,6565,1
4429,6567,1
4430,6568,1
4431,6569,1
4432,6570,1
4433,6572,1
4434,6573,1
4435,6574,1
4436,6578,2
4437,6580,1
4438,6582,1
4439,6583,2
4440,6585,1
4441,6588,1
4442,6590,1
4443,6591,1
4444,6592,1
4445,6593,1
4446,6594,1
4447,6595,1
4448,6598,1
4449,6599,1
4450,6601,1
4451,6602,1
4452,6603,1
4453,6604,1
4454,6606,1
4455,6608,1
4456,6609,0
4457,6611,1
4458,6613,1
4459,6614,1
4460,6616,1
4461,6618,1
4462,6620,1
4463,6621,1
4464,6622,1
4465,6623,1
4466,6624,1
4467,6625,1
4468,6626,1
4469,6628,0
4470,6630,1
4471,6631,1
4472,6633,1
4473,6634,1
4474,6635,1
4475,6637,1
4476,6638,1
4477,6639,1
4478,6641,1
4479,6642,1
4480,6643,1
4481,6645,1
4482,6646,1
4483,6647,1
4484,6649,1
4485,6650,1
4486,6652,1
4487,6654,1
4488,6655,1
4489,6656,1
4490,6659,1
4491,6660,1
4492,6662,2
4493,6663,1
4494,6664,1
4495,6665,1
4496,6667,1
4497,6668,1
4498,6669,1
4499,6670,1
4500,6671,1
4501,6672,1
4502,6673,1
4503,6674,2
4504,6675,1
4505,6676,1
4506,6680,1
4507,6681,1
4508,6683,1
4509,6684,1
4510,6691,1
4511,6692,1
4512,6693,1
4513,6694,1
4514,6697,1
4515,6698,1
4516,6699,1
4517,6702,1
4518,6706,1
4519,6707,1
4520,6708,1
4521,6709,1
4522,6711,1
4523,6713,1
4524,6718,1
4525,6719,1
4526,6720,1
4527,6721,1
4528,6722,1
4529,6724,1
4530,6725,1
4531,6726,1
4532,6727,1
4533,6729,2
4534,6730,1
4535,6731,1
4536,6734,1
4537,6736,1
4538,6739,1
4539,6741,1
4540,6742,1
4541,6744,1
4542,6745,1
4543,6746,1
4544,6747,1
4545,6748,1
4546,6749,1
4547,6750,1
4548,6751,1
4549,6753,1
4550,6754,1
4551,6756,1
4552,6757,1
4553,6758,1
4554,6760,1
4555,6761,2
4556,6762,1
4557,6763,1
4558,6764,1
4559,6765,1
4560,6766,2
4561,6773,1
4562,6774,1
4563,6775,0
4564,6776,1
4565,6778,1
4566,6779,2
4567,6780,1
4568,6782,1
4569,6784,1
4570,6786,1
4571,6787,2
4572,6788,1
4573,6789,1
4574,6792,1
4575,6794,1
4576,6796,1
4577,6798,1
4578,6799,1
4579,6800,1
4580,6801,1
4581,6802,1
4582,6805,1
4583,6806,1
4584,6808,1
4585,6810,1
4586,6813,1
4587,6814,1
4588,6816,2
4589,6817,1
4590,6818,1
4591,6820,1
4592,6821,1
4593,6822,1
4594,6824,1
4595,6825,1
4596,6826,1
4597,6827,1
4598,6829,1
4599,6831,1
4600,6832,1
4601,6833,1
4602,6834,1
4603,6837,1
4604,6839,1
4605,6840,1
4606,6841,1
4607,6843,1
4608,6844,1
4609,6848,1
4610,6850,1
4611,6851,1
4612,6853,1
4613,6854,1
4614,6857,1
4615,6858,1
4616,6859,1
4617,6861,1
4618,6862,1
4619,6863,1
4620,6864,1
4621,6865,1
4622,6866,1
4623,6868,1
4624,6869,1
4625,6871,1
4626,6873,1
4627,6879,1
4628,6880,1
4629,6882,1
4630,6883,1
4631,6885,1
4632,6887,1
4633,6889,1
4634,6891,1
4635,6892,1
4636,6893,1
4637,6894,1
4638,6895,1
4639,6896,1
4640,6898,1
4641,6899,1
4642,6900,1
4643,6901,1
4644,6902,1
4645,6903,1
4646,6905,1
4647,6906,2
4648,6907,1
4649,6908,1
4650,6910,1
4651,6911,1
4652,6912,1
4653,6913,1
4654,6915,1
4655,6917,1
4656,6918,1
4657,6920,1
4658,6921,2
4659,6924,1
4660,6925,1
4661,6926,1
4662,6928,1
4663,6929,1
4664,6930,1
4665,6931,1
4666,6932,1
4667,6934,1
4668,6937,1
4669,6939,1
4670,6940,1
4671,6943,1
4672,6944,1
4673,6945,1
4674,6946,1
4675,6947,2
4676,6949,1
4677,6950,1
4678,6951,2
4679,6954,1
4680,6957,1
4681,6960,1
4682,6962,1
4683,6963,1
4684,6964,1
4685,6966,1
4686,6967,1
4687,6968,1
4688,6970,2
4689,6971,2
4690,6972,1
4691,6973,1
4692,6976,1
4693,6977,1
4694,6978,1
4695,6979,1
4696,6980,1
4697,6981,1
4698,6982,1
4699,6984,1
4700,6985,1
4701,6987,1
4702,6988,1
4703,6990,1
4704,6991,1
4705,6992,1
4706,6994,2
4707,6995,1
4708,6996,1
4709,6997,1
4710,6998,1
4711,6999,1
4712,7001,1
4713,7002,1
4714,7004,1
4715,7005,1
4716,7006,1
4717,7007,1
4718,7008,1
4719,7010,1
4720,7011,1
4721,7013,1
4722,7014,1
4723,7015,1
4724,7016,1
4725,7017,1
4726,7018,1
4727,7019,1
4728,7020,1
4729,7021,1
4730,7022,1
4731,7025,1
4732,7026,1
4733,7027,1
4734,7028,1
4735,7029,1
4736,7031,1
4737,7032,1
4738,7034,1
4739,7036,1
4740,7037,1
4741,7038,1
4742,7039,1
4743,7040,1
4744,7041,1
4745,7042,1
4746,7044,1
4747,7045,1
4748,7047,1
4749,7048,1
4750,7049,1
4751,7050,1
4752,7051,1
4753,7052,1
4754,7053,1
4755,7056,1
4756,7057,1
4757,7058,1
4758,7059,1
4759,7060,1
4760,7061,1
4761,7062,1
4762,7068,1
4763,7069,2
4764,7071,1
4765,7072,1
4766,7073,1
4767,7074,1
4768,7077,1
4769,7078,1
4770,7079,1
4771,7080,1
4772,7082,1
4773,7083,1
4774,7084,1
4775,7085,2
4776,7086,1
4777,7087,1
4778,7088,1
4779,7089,1
4780,7090,1
4781,7091,1
4782,7092,1
4783,7093,1
4784,7094,1
4785,7095,1
4786,7096,1
4787,7097,2
4788,7098,1
4789,7099,1
4790,7104,1
4791,7105,1
4792,7106,1
4793,7109,1
4794,7110,1
4795,7111,1
4796,7113,1
4797,7114,1
4798,7116,1
4799,7117,1
4800,7118,1
4801,7119,1
4802,7120,1
4803,7121,1
4804,7126,1
4805,7127,1
4806,7128,2
4807,7132,1
4808,7133,1
4809,7134,1
4810,7137,1
4811,7140,1
4812,7142,1
4813,7143,1
4814,7144,1
4815,7148,1
4816,7149,1
4817,7151,1
4818,7152,1
4819,7155,1
4820,7156,1
4821,7157,1
4822,7159,1
4823,7160,1
4824,7161,1
4825,7162,1
4826,7165,1
4827,7166,1
4828,7167,1
4829,7168,1
4830,7170,1
4831,7171,1
4832,7173,1
4833,7175,1
4834,7176,1
4835,7177,1
4836,7179,1
4837,7180,1
4838,7181,1
4839,7182,1
4840,7184,1
4841,7186,2
4842,7187,1
4843,7188,1
4844,7189,1
4845,7190,1
4846,7191,1
4847,7192,1
4848,7193,1
4849,7194,1
4850,7197,1
4851,7199,1
4852,7200,1
4853,7202,1
4854,7203,1
4855,7205,1
4856,7206,1
4857,7207,1
4858,7208,1
4859,7210,1
4860,7214,1
4861,7215,1
4862,7216,1
4863,7217,1
4864,7218,1
4865,7219,1
4866,7221,1
4867,7224,1
4868,7225,1
4869,7226,1
4870,7227,1
4871,7229,1
4872,7230,1
4873,7232,1
4874,7233,1
4875,7234,1
4876,7235,1
4877,7236,1
4878,7238,1
4879,7240,1
4880,7242,1
4881,7246,1
4882,7247,1
4883,7249,1
4884,7250,1
4885,7252,1
4886,7253,1
4887,7255,1
4888,7256,1
4889,7257,1
4890,7258,0
4891,7259,1
4892,7260,1
4893,7261,1
4894,7267,1
4895,7268,1
4896,7270,1
4897,7271,0
4898,7273,1
4899,7274,1
4900,7276,1
4901,7277,1
4902,7278,1
4903,7279,1
4904,7280,1
4905,7283,1
4906,7284,1
4907,7285,1
4908,7289,1
4909,7290,1
4910,7292,1
4911,7296,1
4912,7297,0
4913,7298,1
4914,7300,1
4915,7301,1
4916,7302,1
4917,7303,1
4918,7304,1
4919,7305,1
4920,7306,1
4921,7307,1
4922,7309,1
4923,7310,1
4924,7311,1
4925,7313,1
4926,7314,1
4927,7320,1
4928,7321,1
4929,7322,1
4930,7323,1
4931,7324,1
4932,7326,1
4933,7327,1
4934,7328,1
4935,7330,1
4936,7331,1
4937,7332,1
4938,7334,1
4939,7336,2
4940,7337,1
4941,7338,1
4942,7339,1
4943,7340,1
4944,7341,1
4945,7342,1
4946,7343,1
4947,7344,1
4948,7346,1
4949,7347,1
4950,7350,1
4951,7351,1
4952,7353,1
4953,7356,1
4954,7358,1
4955,7359,1
4956,7360,1
4957,7361,1
4958,7365,1
4959,7366,1
4960,7367,1
4961,7370,1
4962,7371,1
4963,7372,1
4964,7374,1
4965,7376,1
4966,7377,1
4967,7379,1
4968,7385,1
4969,7387,1
4970,7388,1
4971,7390,1
4972,7391,1
4973,7392,1
4974,7393,1
4975,7394,1
4976,7395,1
4977,7396,3
4978,7398,1
4979,7399,1
4980,7401,1
4981,7402,1
4982,7403,1
4983,7405,1
4984,7406,1
4985,7408,1
4986,7410,1
4987,7411,1
4988,7416,1
4989,7418,1
4990,7419,1
4991,7422,1
4992,7425,1
4993,7427,1
4994,7428,1
4995,7429,1
4996,7430,1
4997,7431,1
4998,7432,1
4999,7435,1
5000,7436,1
5001,7437,2
5002,7438,1
5003,7442,1
5004,7444,1
5005,7445,1
5006,7446,1
5007,7447,1
5008,7448,1
5009,7449,1
5010,7450,1
5011,7452,1
5012,7453,1
5013,7455,1
5014,7456,1
5015,7457,1
5016,7458,1
5017,7459,1
5018,7460,1
5019,7461,1
5020,7462,1
5021,7464,1
5022,7472,0
5023,7475,1
5024,7477,1
5025,7478,1
5026,7479,1
5027,7481,1
5028,7483,1
5029,7484,1
5030,7485,1
5031,7486,1
5032,7487,1
5033,7488,1
5034,7490,1
5035,7492,1
5036,7494,1
5037,7495,1
5038,7496,1
5039,7498,1
5040,7499,1
5041,7500,1
5042,7501,1
5043,7502,1
5044,7503,1
5045,7504,0
5046,7505,1
5047,7506,1
5048,7507,1
5049,7508,1
5050,7509,1
5051,7510,1
5052,7512,1
5053,7513,1
5054,7514,1
5055,7515,1
5056,7517,1
5057,7518,1
5058,7520,1
5059,7521,1
5060,7522,1
5061,7523,1
5062,7524,1
5063,7525,1
5064,7527,1
5065,7529,1
5066,7531,1
5067,7533,1
5068,7534,1
5069,7535,1
5070,7536,1
5071,7538,1
5072,7542,1
5073,7543,1
5074,7544,1
5075,7545,1
5076,7549,1
5077,7550,1
5078,7552,1
5079,7553,1
5080,7559,1
5081,7560,1
5082,7561,0
5083,7563,0
5084,7565,1
5085,7567,1
5086,7568,1
5087,7569,1
5088,7572,1
5089,7573,1
5090,7574,1
5091,7576,1
5092,7577,1
5093,7578,1
5094,7579,1
5095,7580,1
5096,7583,1
5097,7584,1
5098,7585,1
5099,7586,1
5100,7588,1
5101,7592,1
5102,7594,1
5103,7595,1
5104,7596,1
5105,7598,1
5106,7599,0
5107,7601,1
5108,7604,1
5109,7605,1
5110,7606,1
5111,7608,1
5112,7609,1
5113,7614,1
5114,7616,1
5115,7618,1
5116,7620,1
5117,7621,1
5118,7622,1
5119,7623,1
5120,7624,1
5121,7625,1
5122,7626,1
5123,7627,1
5124,7628,2
5125,7630,1
5126,7631,1
5127,7632,1
5128,7633,1
5129,7634,1
5130,7635,1
5131,7639,1
5132,7640,1
5133,7641,1
5134,7643,1
5135,7644,1
5136,7646,1
5137,7647,1
5138,7649,1
5139,7650,2
5140,7652,1
5141,7656,1
5142,7660,1
5143,7661,1
5144,7665,1
5145,7666,1
5146,7667,1
5147,7669,1
5148,7670,1
5149,7671,1
5150,7676,1
5151,7677,1
5152,7678,1
5153,7679,1
5154,7680,1
5155,7682,1
5156,7683,1
5157,7684,1
5158,7687,1
5159,7688,1
5160,7689,1
5161,7690,1
5162,7691,1
5163,7692,1
5164,7693,1
5165,7694,1
5166,7696,2
5167,7697,1
5168,7698,1
5169,7699,1
5170,7700,1
5171,7702,1
5172,7703,1
5173,7705,1
5174,7707,1
5175,7708,1
5176,7709,1
5177,7710,1
5178,7711,1
5179,7712,1
5180,7713,1
5181,7714,1
5182,7715,1
5183,7716,1
5184,7717,1
5185,7719,1
5186,7720,1
5187,7721,1
5188,7723,1
5189,7724,1
5190,7727,1
5191,7728,1
5192,7729,1
5193,7731,1
5194,7736,1
5195,7738,1
5196,7739,1
5197,7741,1
5198,7742,1
5199,7743,1
5200,7744,1
5201,7746,1
5202,7747,1
5203,7748,1
5204,7749,1
5205,7751,1
5206,7752,1
5207,7753,1
5208,7754,1
5209,7755,1
5210,7757,2
5211,7760,1
5212,7761,2
5213,7763,1
5214,7764,1
5215,7767,1
5216,7768,1
5217,7769,1
5218,7770,1
5219,7771,1
5220,7773,1
5221,7774,1
5222,7775,1
5223,7776,1
5224,7777,1
5225,7778,1
5226,7780,1
5227,7782,1
5228,7783,1
5229,7784,1
5230,7785,1
5231,7786,1
5232,7787,1
5233,7788,1
5234,7789,1
5235,7790,1
5236,7791,1
5237,7793,1
5238,7797,1
5239,7800,1
5240,7801,1
5241,7802,1
5242,7803,1
5243,7805,1
5244,7806,1
5245,7808,1
5246,7809,1
5247,7810,1
5248,7812,1
5249,7813,1
5250,7815,1
5251,7816,1
5252,7818,1
5253,7820,1
5254,7821,1
5255,7824,1
5256,7828,1
5257,7829,1
5258,7830,1
5259,7831,0
5260,7832,1
5261,7833,1
5262,7834,1
5263,7835,1
5264,7837,1
5265,7839,1
5266,7840,1
5267,7841,1
5268,7842,1
5269,7843,1
5270,7845,1
5271,7847,1
5272,7848,1
5273,7849,1
5274,7850,1
5275,7851,1
5276,7852,1
5277,7853,1
5278,7856,1
5279,7858,1
5280,7859,1
5281,7861,1
5282,7863,1
5283,7864,1
5284,7865,1
5285,7866,1
5286,7868,1
5287,7870,1
5288,7871,1
5289,7872,2
5290,7873,1
5291,7875,1
5292,7877,1
5293,7878,1
5294,7879,1
5295,7881,1
5296,7882,1
5297,7883,1
5298,7884,1
5299,7885,1
5300,7886,1
5301,7888,1
5302,7889,1
5303,7890,2
5304,7891,1
5305,7892,1
5306,7894,1
5307,7895,1
5308,7897,1
5309,7899,2
5310,7901,1
5311,7902,2
5312,7903,1
5313,7904,1
5314,7905,1
5315,7907,1
5316,7908,1
5317,7910,1
5318,7913,1
5319,7914,1
5320,7916,1
5321,7918,1
5322,7919,1
5323,7920,1
5324,7922,1
5325,7924,1
5326,7926,1
5327,7929,1
5328,7930,1
5329,7935,1
5330,7936,2
5331,7937,1
5332,7939,1
5333,7940,1
5334,7941,1
5335,7943,1
5336,7944,1
5337,7945,1
5338,7946,1
5339,7947,1
5340,7949,1
5341,7950,1
5342,7952,1
5343,7954,1
5344,7955,1
5345,7957,1
5346,7958,1
5347,7960,1
5348,7962,1
5349,7967,1
5350,7968,1
5351,7970,1
5352,7972,1
5353,7973,1
5354,7974,1
5355,7976,1
5356,7981,1
5357,7982,1
5358,7983,1
5359,7984,1
5360,7985,1
5361,7986,1
5362,7987,1
5363,7988,1
5364,7989,1
5365,7990,1
5366,7993,1
5367,7994,1
5368,7995,1
5369,7996,1
5370,7999,1
5371,8000,1
5372,8003,1
5373,8004,1
5374,8005,1
5375,8006,1
5376,8007,1
5377,8010,0
5378,8012,1
5379,8014,1
5380,8015,2
5381,8016,1
5382,8018,1
5383,8019,1
5384,8020,1
5385,8021,1
5386,8023,1
5387,8024,1
5388,8025,1
5389,8026,1
5390,8027,2
5391,8029,1
5392,8030,1
5393,8031,1
5394,8032,1
5395,8034,1
5396,8035,1
5397,8036,1
5398,8037,1
5399,8038,1
5400,8042,1
5401,8043,2
5402,8046,1
5403,8049,1
5404,8050,1
5405,8052,1
5406,8053,1
5407,8054,1
5408,8055,1
5409,8056,1
5410,8057,1
5411,8058,1
5412,8059,1
5413,8060,1
5414,8063,1
5415,8064,2
5416,8066,1
5417,8067,1
5418,8068,1
5419,8069,1
5420,8071,1
5421,8072,1
5422,8075,1
5423,8076,1
5424,8077,1
5425,8078,1
5426,8079,1
5427,8081,1
5428,8082,1
5429,8083,1
5430,8084,1
5431,8085,1
5432,8086,1
5433,8087,1
5434,8088,2
5435,8089,1
5436,8091,1
5437,8092,1
5438,8094,1
5439,8097,1
5440,8098,1
5441,8102,1
5442,8103,1
5443,8105,1
5444,8106,1
5445,8107,1
5446,8108,1
5447,8112,1
5448,8115,1
5449,8116,1
5450,8117,1
5451,8118,1
5452,8119,1
5453,8120,1
5454,8121,1
5455,8122,1
5456,8123,1
5457,8124,1
5458,8128,1
5459,8129,1
5460,8130,1
5461,8131,1
5462,8133,1
5463,8135,1
5464,8136,1
5465,8137,1
5466,8138,1
5467,8139,1
5468,8140,1
5469,8141,1
5470,8143,1
5471,8144,2
5472,8147,1
5473,8148,1
5474,8149,1
5475,8150,1
5476,8152,1
5477,8153,1
5478,8156,1
5479,8157,1
5480,8158,1
5481,8159,1
5482,8161,1
5483,8162,1
5484,8164,1
5485,8165,1
5486,8167,1
5487,8168,2
5488,8171,1
5489,8173,1
5490,8175,1
5491,8176,1
5492,8177,1
5493,8178,1
5494,8182,1
5495,8186,2
5496,8189,1
5497,8190,1
5498,8191,1
5499,8192,1
5500,8194,1
5501,8197,1
5502,8199,1
5503,8200,1
5504,8202,1
5505,8203,1
5506,8204,1
5507,8205,1
5508,8207,1
5509,8208,1
5510,8209,1
5511,8210,1
5512,8211,1
5513,8212,1
5514,8213,1
5515,8214,1
5516,8216,1
5517,8217,1
5518,8218,1
5519,8219,1
5520,8220,1
5521,8221,1
5522,8222,1
5523,8224,1
5524,8225,1
5525,8226,1
5526,8227,1
5527,8229,1
5528,8231,1
5529,8232,1
5530,8233,1
5531,8235,1
5532,8237,1
5533,8238,1
5534,8239,1
5535,8242,1
5536,8243,1
5537,8244,1
5538,8247,0
5539,8248,1
5540,8251,1
5541,8252,1
5542,8254,1
5543,8255,1
5544,8257,1
5545,8259,1
5546,8260,2
5547,8261,1
5548,8264,1
5549,8265,1
5550,8266,1
5551,8267,1
5552,8268,1
5553,8270,1
5554,8271,1
5555,8272,1
5556,8273,1
5557,8275,1
5558,8276,2
5559,8277,1
5560,8279,1
5561,8280,1
5562,8281,1
5563,8282,1
5564,8287,1
5565,8288,1
5566,8289,1
5567,8291,1
5568,8292,1
5569,8294,0
5570,8295,1
5571,8297,1
5572,8298,1
5573,8300,1
5574,8301,1
5575,8302,1
5576,8303,1
5577,8306,1
5578,8307,1
5579,8310,1
5580,8313,1
5581,8314,1
5582,8315,1
5583,8316,1
5584,8317,1
5585,8318,1
5586,8319,1
5587,8320,1
5588,8321,1
5589,8322,1
5590,8323,1
5591,8324,1
5592,8326,1
5593,8328,1
5594,8329,1
5595,8330,1
5596,8332,1
5597,8333,1
5598,8334,1
5599,8335,1
5600,8336,1
5601,8338,1
5602,8339,1
5603,8341,1
5604,8342,1
5605,8343,1
5606,8344,2
5607,8345,1
5608,8346,1
5609,8348,1
5610,8354,1
5611,8356,1
5612,8360,1
5613,8362,1
5614,8363,1
5615,8365,1
5616,8366,2
5617,8368,1
5618,8369,2
5619,8371,1
5620,8373,1
5621,8374,1
5622,8375,1
5623,8376,1
5624,8377,1
5625,8378,1
5626,8379,1
5627,8380,1
5628,8381,1
5629,8382,0
5630,8383,1
5631,8384,1
5632,8386,1
5633,8388,1
5634,8390,1
5635,8392,1
5636,8393,1
5637,8394,1
5638,8395,1
5639,8397,1
5640,8398,1
5641,8401,1
5642,8403,1
5643,8404,1
5644,8405,1
5645,8406,1
5646,8407,1
5647,8409,1
5648,8410,1
5649,8411,1
5650,8414,1
5651,8416,1
5652,8418,1
5653,8419,1
5654,8420,1
5655,8421,1
5656,8423,1
5657,8427,1
5658,8429,1
5659,8430,1
5660,8431,1
5661,8432,1
5662,8433,1
5663,8437,1
5664,8438,1
5665,8441,1
5666,8442,1
5667,8444,1
5668,8447,1
5669,8448,1
5670,8449,1
5671,8451,1
5672,8452,1
5673,8454,1
5674,8456,1
5675,8457,1
5676,8458,2
5677,8459,1
5678,8460,1
5679,8462,1
5680,8463,1
5681,8465,1
5682,8466,1
5683,8467,1
5684,8468,1
5685,8469,1
5686,8470,1
5687,8471,1
5688,8472,1
5689,8474,1
5690,8475,1
5691,8476,1
5692,8477,1
5693,8479,1
5694,8480,1
5695,8481,1
5696,8482,1
5697,8483,1
5698,8486,1
5699,8487,1
5700,8489,1
5701,8491,1
5702,8492,1
5703,8493,1
5704,8494,1
5705,8495,1
5706,8500,1
5707,8502,1
5708,8503,1
5709,8504,1
5710,8506,1
5711,8508,1
5712,8509,1
5713,8511,1
5714,8512,1
5715,8514,1
5716,8516,1
5717,8521,1
5718,8522,1
5719,8523,1
5720,8524,1
5721,8528,1
5722,8530,1
5723,8535,1
5724,8536,1
5725,8537,1
5726,8539,1
5727,8540,1
5728,8541,1
5729,8542,1
5730,8544,1
5731,8545,1
5732,8548,0
5733,8549,1
5734,8551,1
5735,8552,1
5736,8554,1
5737,8556,1
5738,8557,1
5739,8559,1
5740,8560,1
5741,8561,1
5742,8566,1
5743,8569,1
5744,8570,1
5745,8571,1
5746,8572,1
5747,8573,2
5748,8574,2
5749,8577,1
5750,8580,1
5751,8581,2
5752,8584,1
5753,8585,1
5754,8586,1
5755,8587,1
5756,8588,1
5757,8589,1
5758,8592,1
5759,8594,1
5760,8595,1
5761,8596,1
5762,8597,1
5763,8598,1
5764,8599,1
5765,8602,1
5766,8603,1
5767,8604,1
5768,8605,1
5769,8606,1
5770,8607,1
5771,8609,1
5772,8610,1
5773,8611,1
5774,8612,1
5775,8613,0
5776,8614,0
5777,8615,1
5778,8616,1
5779,8617,1
5780,8618,1
5781,8619,1
5782,8620,1
5783,8623,1
5784,8624,1
5785,8626,1
5786,8628,1
5787,8629,1
5788,8631,1
5789,8633,1
5790,8634,1
5791,8635,1
5792,8636,1
5793,8637,1
5794,8638,1
5795,8639,1
5796,8640,1
5797,8641,1
5798,8642,1
5799,8643,1
5800,8644,1
5801,8645,1
5802,8646,1
5803,8650,1
5804,8653,1
5805,8654,1
5806,8656,2
5807,8657,1
5808,8658,1
5809,8659,1
5810,8661,1
5811,8663,1
5812,8664,1
5813,8667,1
5814,8668,1
5815,8669,1
5816,8670,1
5817,8671,1
5818,8672,1
5819,8673,1
5820,8674,1
5821,8675,1
5822,8680,1
5823,8681,2
5824,8683,1
5825,8684,1
5826,8685,1
5827,8687,1
5828,8688,1
5829,8691,1
5830,8693,1
5831,8694,1
5832,8695,1
5833,8696,1
5834,8700,1
5835,8701,1
5836,8703,1
5837,8704,1
5838,8708,1
5839,8709,1
5840,8710,1
5841,8712,1
5842,8714,1
5843,8716,1
5844,8717,1
5845,8719,2
5846,8720,1
5847,8721,1
5848,8722,1
5849,8723,1
5850,8727,1
5851,8728,1
5852,8729,1
5853,8732,1
5854,8733,1
5855,8734,1
5856,8735,1
5857,8736,1
5858,8741,2
5859,8743,1
5860,8744,1
5861,8749,1
5862,8750,1
5863,8751,1
5864,8752,1
5865,8753,1
5866,8754,1
5867,8755,1
5868,8757,1
5869,8759,1
5870,8760,1
5871,8762,1
5872,8764,1
5873,8766,1
5874,8769,1
5875,8770,2
5876,8771,1
5877,8772,1
5878,8773,1
5879,8774,1
5880,8776,1
5881,8779,1
5882,8780,1
5883,8781,1
5884,8782,1
5885,8783,1
5886,8785,1
5887,8786,1
5888,8787,0
5889,8789,1
5890,8790,1
5891,8791,1
5892,8794,1
5893,8796,3
5894,8797,1
5895,8798,1
5896,8799,1
5897,8801,1
5898,8802,1
5899,8805,1
5900,8806,1
5901,8807,1
5902,8808,1
5903,8809,1
5904,8811,1
5905,8812,1
5906,8813,0
5907,8815,1
5908,8816,1
5909,8817,1
5910,8818,1
5911,8819,1
5912,8820,1
5913,8821,1
5914,8822,1
5915,8823,1
5916,8824,1
5917,8825,1
5918,8826,1
5919,8827,1
5920,8828,1
5921,8830,1
5922,8831,1
5923,8833,1
5924,8834,1
5925,8835,1
5926,8836,1
5927,8838,1
5928,8840,1
5929,8841,1
5930,8842,1
5931,8843,1
5932,8844,1
5933,8845,1
5934,8848,1
5935,8849,1
5936,8850,1
5937,8852,1
5938,8853,1
5939,8854,1
5940,8856,1
5941,8858,1
5942,8860,2
5943,8861,1
5944,8862,2
5945,8863,1
5946,8864,1
5947,8865,1
5948,8867,1
5949,8868,1
5950,8869,1
5951,8871,1
5952,8872,1
5953,8874,1
5954,8876,1
5955,8878,1
5956,8880,1
5957,8881,1
5958,8883,1
5959,8884,1
5960,8885,1
5961,8886,1
5962,8889,1
5963,8890,1
5964,8891,1
5965,8892,1
5966,8894,1
5967,8896,1
5968,8897,1
5969,8899,1
5970,8900,1
5971,8901,1
5972,8902,1
5973,8903,1
5974,8904,1
5975,8905,1
5976,8906,1
5977,8907,1
5978,8910,1
5979,8918,1
5980,8919,1
5981,8920,1
5982,8922,1
5983,8923,1
5984,8926,1
5985,8928,1
5986,8930,1
5987,8932,1
5988,8937,1
5989,8938,1
5990,8939,1
5991,8940,0
5992,8941,1
5993,8942,1
5994,8944,1
5995,8945,1
5996,8947,1
5997,8948,1
5998,8954,1
5999,8955,1
6000,8956,1
6001,8959,1
6002,8961,2
6003,8964,1
6004,8966,1
6005,8967,1
6006,8968,1
6007,8969,1
6008,8970,1
6009,8972,1
6010,8973,1
6011,8975,1
6012,8976,1
6013,8977,1
6014,8978,1
6015,8981,1
6016,8982,1
6017,8983,1
6018,8985,1
6019,8986,1
6020,8987,1
6021,8988,2
6022,8989,1
6023,8992,1
6024,8993,1
6025,8996,1
6026,8997,1
6027,8998,1
6028,8999,1
6029,9001,1
6030,9003,1
6031,9004,1
6032,9006,1
6033,9007,1
6034,9008,1
6035,9009,1
6036,9010,1
6037,9011,1
6038,9012,0
6039,9013,1
6040,9014,1
6041,9015,1
6042,9018,1
6043,9019,1
6044,9020,1
6045,9021,1
6046,9023,0
6047,9024,1
6048,9026,1
6049,9028,1
6050,9029,1
6051,9030,1
6052,9031,1
6053,9032,1
6054,9034,2
6055,9035,1
6056,9036,1
6057,9037,1
6058,9038,1
6059,9041,1
6060,9042,1
6061,9043,1
6062,9046,1
6063,9048,1
6064,9049,1
6065,9052,1
6066,9057,1
6067,9059,1
6068,9060,1
6069,9061,1
6070,9064,1
6071,9066,1
6072,9068,1
6073,9069,2
6074,9071,1
6075,9072,1
6076,9073,1
6077,9074,1
6078,9075,1
6079,9076,1
6080,9077,1
6081,9078,1
6082,9079,1
6083,9080,1
6084,9081,1
6085,9084,1
6086,9085,1
6087,9089,1
6088,9094,1
6089,9097,1
6090,9098,1
6091,9099,1
6092,9101,1
6093,9103,1
6094,9104,1
6095,9106,1
6096,9107,1
6097,9108,1
6098,9110,1
6099,9111,1
6100,9112,1
6101,9114,1
6102,9115,1
6103,9116,1
6104,9118,1
6105,9119,1
6106,9120,1
6107,9122,1
6108,9124,1
6109,9125,1
6110,9126,1
6111,9127,1
6112,9128,1
6113,9129,1
6114,9130,1
6115,9131,1
6116,9132,1
6117,9134,1
6118,9136,1
6119,9137,1
6120,9139,1
6121,9140,1
6122,9141,1
6123,9142,1
6124,9144,1
6125,9145,1
6126,9148,1
6127,9149,1
6128,9150,1
6129,9151,1
6130,9152,1
6131,9156,1
6132,9157,2
6133,9158,1
6134,9159,1
6135,9160,1
6136,9161,1
6137,9163,1
6138,9164,1
6139,9165,1
6140,9167,1
6141,9168,1
6142,9169,1
6143,9170,1
6144,9172,1
6145,9173,1
6146,9174,1
6147,9175,1
6148,9176,1
6149,9178,1
6150,9179,1
6151,9180,1
6152,9181,1
6153,9183,0
6154,9184,1
6155,9185,1
6156,9186,1
6157,9188,1
6158,9189,1
6159,9190,1
6160,9192,1
6161,9193,1
6162,9194,1
6163,9195,1
6164,9196,1
6165,9197,1
6166,9199,1
6167,9201,1
6168,9202,1
6169,9203,1
6170,9205,1
6171,9208,1
6172,9211,1
6173,9213,1
6174,9217,1
6175,9218,0
6176,9219,1
6177,9220,2
6178,9221,1
6179,9222,1
6180,9224,1
6181,9225,1
6182,9226,1
6183,9227,1
6184,9230,0
6185,9231,1
6186,9233,1
6187,9234,1
6188,9235,1
6189,9237,1
6190,9239,1
6191,9241,1
6192,9242,1
6193,9244,1
6194,9246,0
6195,9247,1
6196,9248,1
6197,9250,1
6198,9251,1
6199,9252,1
6200,9253,1
6201,9254,1
6202,9256,1
6203,9257,1
6204,9259,1
6205,9261,1
6206,9264,1
6207,9267,1
6208,9268,1
6209,9270,1
6210,9272,1
6211,9274,1
6212,9275,1
6213,9276,1
6214,9278,1
6215,9279,1
6216,9280,1
